Workbook

Sheet Sopas
A1: Plato | B1: Página | C1: Elaboración | D1: Ingredientes | E1: Cantidades | F1: Unidades
A2: Salmorejo con guindillas fritas | B2: 185 | C2: Lava los tomates, trocéalos, colócalos en un vaso americano y tritúralos bien. Cuela el puré y ponlo de nuevo en el vaso americano. Agrega la miga de pan (troceada), el diente de ajo (pelado), sal (al gusto) y 100 ml de aceite. Tritura todo bien hasta conseguir una crema homogénea. Pasa el salmorejo a una jarra, introdúcelo en el frigorífico y deja que se enfríe bien. Calienta abundante aceite en una sartén. Cuando esté bien caliente, añade las guindillas y fríelas durante 2 minutos por cada lado. Retíralas a un plato y sazónalas. Sirve el salmorejo en cuatro platos y reparte encima (a un lado) las guindillas. Decora los platos con unas hojas de perejil. | D2: Tomate pera | E2: 1000 | F2: g
D3: Guindilla | E3: 300 | F3: g
D4: Miga de pan | E4: 100 | F4: g
D5: Diente de ajo | E5: 1 | F5: uds
D6: Aceite de oliva | E6: 1 | F6: uds
D7: Perejil | E7: 1 | F7: uds
D8: Sal | E8: 1 | F8: uds
A9: Sopa de cocido con tapioca | B9: 190 | C9: Pon los garbanzos a remojo la víspera. Escurre los garbanzos y colócalos en una red. Pon a calentar 2 litros de agua en una olla rápida. Añade unas ramas de perejil, el muslo de pollo, el zancarrón, los huesos, el puerro (limpio y troceado), la cebolleta (pelada y troceada) y los dientes de ajo (pelados). Cuando el agua esté caliente, introduce los garbanzos, sazona, cierra la olla y cuece todo durante 20-25 minutos. Retira las hortalizas, las carnes y los huesos. Cuela el caldo, desgrásalo y resérvalo. Pica las carnes y resérvalas. Saca el tuétano de los huesos, unta con él las rebanadas de pan y sazónalas. Pon el caldo a calentar. Cuando empiece a hervir, añade la tapioca y cuécela durante el tiempo que indique el paquete. Agrega la mitad de los garbanzos (reserva el resto para otra ocasión), las carnes (pollo y zancarrón) picadas y un poco de perejil picado. Reparte la sopa en 4 platos hondos, acompáñalos con las tostadas con tuétano y adórnalos con unas hojas de perejil. | D9: Garbanzos | E9: 200 | F9: g
D10: Muslo de pollo | E10: 1 | F10: uds
D11: Zancarrón | E11: 250 | F11: g
D12: Hueso de cañada | E12: 4 | F12: uds
D13: Puerro | E13: 1 | F13: uds
D14: Cebolla | E14: 1 | F14: uds
D15: Diente de ajo | E15: 2 | F15: uds
D16: Picatostes | E16: 1 | F16: uds
D17: Tapioca | E17: 50 | F17: g
D18: Perejil | E18: 1 | F18: uds
D19: Sal | E19: 1 | F19: uds
A20: Sopa de udon con pollo | B20: 205 | C20: Maja en el mortero los ajos (pelados), incorpora la pimienta, las hojas de cilantro y una pizca de sal y maja todo. Agrega el vinagre y la salsa de soja, mezcla y reserva. Calienta una cazuela con 2-3 cucharadas de aceite. Corta la cebolleta en dados, añádela a la cazuela y ponla a rehogar a fuego suave. Limpia el puerro, córtalo en cuartos de luna y añádelo. Pela la zanahoria, córtala de la misma manera e incorpórala. Retira el tallo y las semillas del pimiento verde, córtalo en dados y agrégalo. Pela el pimiento rojo, córtalo en dados y añádelo. Lava la rama de apio, córtala en dados e incorpórala. Sazona y cocina las hortalizas a fuego suave durante unos 5 minutos. Retira las hortalizas, pásalas a una fuente y resérvalas. Agrega 1 cucharada más de aceite a la cazuela. Corta la pechuga de pollo en dados, sazónala, añádela a la cazuela y rehógala hasta que se dore. Agrega las hortalizas reservadas, cúbrelas con abundante agua y desmenuza encima la pastilla de caldo. Incorpora el udón y el majado. Ralla encima un poco de nuez moscada y cocina todo durante 7-8 minutos. Reparte la sopa en platos hondos y decóralos con unas hojas de perejil. | D20: Fideos udon | E20: 150 | F20: g
D21: Pechuga de pollo | E21: 0.5 | F21: uds
D22: Diente de ajo | E22: 2 | F22: uds
D23: Salsa de soja | E23: 50 | F23: mL
D24: Cebolla | E24: 1 | F24: uds
D25: Puerro | E25: 0.5 | F25: uds
D26: Zanahoria | E26: 1 | F26: uds
D27: Pimiento verde | E27: 1 | F27: uds
D28: Pimiento rojo | E28: 0.5 | F28: uds
D29: Rama de apio | E29: 1 | F29: uds
D30: Pastilla de caldo de pollo | E30: 1 | F30: uds
D31: Aceite de oliva | E31: 1 | F31: uds
D32: Vinagre blanco | E32: 30 | F32: mL
... D37: Sal | E37: 1 | F37: uds

Sheet Cremas
A1: =Sopas!A1 -> Plato | B1: Página | C1: Elaboración | D1: =Sopas!D1 -> Ingredientes | E1: =Sopas!E1 -> Cantidades | F1: =Sopas!F1 -> Unidades
A2: Crema de calabacín | B2: 166 | C2: Pela la cebolla, retira el tallo y las semillas del pimiento, córtalos en dados y ponlos a rehogar en una cazuela con 2-3 cucharadas de aceite. Limpia bien los calabacines, corta ½ calabacín en dados y resérvalo. Corta el resto en cuartos de luna e incorpóralos a la cazuela. Rehoga durante 4-5 minutos y agrega el caldo y el arroz. Salpimienta y cuece todo durante 20-25 minutos. Mientras tanto, calienta 2 cucharadas de aceite en una sartén y saltea en ella los dados de calabacín. Resérvalos. Corta las láminas de pasta brick en 4, pon una pequeña porción de huevas sobre cada trozo y envuélvelas hasta conseguir 8 paquetitos. Fríelos por los dos lados en una sartén con abundante aceite caliente, retíralos, escúrrelos sobre un plato cubierto con papel absorbente y resérvalos. Retira del fuego la cazuela con las hortalizas y el arroz y tritura todo con una batidora eléctrica. Incorpora la leche evaporada y mezcla bien. Reparte la crema y los dados de calabacín en 4 platos hondos. Acompaña las cremas con los paquetitos de pasta brick y adorna los platos con unas hojas de perejil. | D2: Calabacín | E2: 2 | F2: uds
D3: Cebolla | E3: 1 | F3: uds
D4: Pimiento verde | E4: 1 | F4: uds
D5: Caldo de verduras | E5: 1500 | F5: mL
D6: Arroz | E6: 4 | F6: cuch
D7: Láminas de pasta brick | E7: 2 | F7: uds
D8: Leche evaporada | E8: 125 | F8: mL
D9: Huevas de trucha | E9: 100 | F9: g
D10: Aceite de oliva | E10: 1 | F10: uds
D11: Perejil | E11: 1 | F11: uds
D12: Pimienta | E12: 1 | F12: uds
D13: Sal | E13: 1 | F13: uds
A14: Sopa fría de zanahoria | B14: 177 | C14: Calienta 1.250 ml de agua en una olla rápida. Pela las zanahorias, introdúcelas en la olla, sazónalas, cierra la olla y cuécelas durante 4 minutos. Retíralas, escúrrelas y deja que se enfríen. Reserva por separado el agua de la cocción. Trocea las zanahorias y ponlas en el vaso americano, agrega la manzana (pelada y troceada), el comino, parte del agua de la cocción (según tus preferencias: más ligera o más espesa) y el vinagre. Tritura todo hasta conseguir una crema homogénea. Añade el aceite poco a poco y sigue triturando hasta que emulsione. Pon a punto de sal, introduce la sopa en el frigorífico y deja que se enfríe bien. Para preparar la guarnición, corta la cebolleta, el pimiento y el jamón en daditos, y los tomates, en cuartos. Reparte la sopa en 4 platos hondos, salpica los platos con la guarnición y decóralos con unas hojas de perejil. | D14: Zanahoria | E14: 800 | F14: g
D15: Manzana | E15: 1 | F15: uds
D16: Cebolla | E16: 0.5 | F16: uds
D17: Pimiento verde | E17: 0.5 | F17: uds
D18: Jamón | E18: 100 | F18: g
D19: Tomate pera | E19: 1 | F19: uds
D20: Vinagre | E20: 1 | F20: cuch
D21: Aceite de oliva | E21: 50 | F21: mL
D22: Perejil | E22: 1 | F22: uds
D23: Comino | E23: 0.25 | F23: cuch
D24: Sal | E24: 1 | F24: uds

Sheet Verduras
A1: =Sopas!A1 -> Plato | B1: Página | C1: Elaboración | D1: =Sopas!D1 -> Ingredientes | E1: =Sopas!E1 -> Cantidades | F1: =Sopas!F1 -> Unidades
A2: Albóndigas de hortalizas | B2: 214 | C2: Lava las patatas, ponlas en una cazuela, cúbrelas con agua y cuécelas durante 30-35 minutos (contados desde el momento en que el agua empiece a hervir). Retíralas y deja que se templen. Para la salsa, calienta una cazuela con 3 cucharadas de aceite. Pela 2 dientes de ajo y la cebolla, córtalos en dados y añádelos a la cazuela. Retira la parte inferior, superior y 2-3 capas del puerro, lávalo, córtalo en cuartos de luna e incorpóralo a la cazuela. Pela 2 zanahorias, córtalas de la misma manera y agrégalas. Sazona y cocina las hortalizas a fuego suave-medio durante 15 minutos. Agrega la cucharada de harina y rehógala bien. Vierte encima el vino y dale un hervor. Añade 300 ml de agua y cocina todo durante 10 minutos. Tritura con una batidora eléctrica hasta conseguir una salsa homogénea. Resérvala y caliéntala un poco en el momento de servir. Lava el calabacín, córtalo en daditos y ponlo a rehogar en una sartén con 3 cucharadas de aceite. Pela la otra zanahoria, rállala y agrégala. Pela el otro diente de ajo, córtalo en daditos e incorpóralo. Sazona y cocina las hortalizas a fuego suave-medio durante 10 minutos. Escúrrelas bien y resérvalas. Pela las patatas, ponlas en un bol y aplástalas con un machacador de patatas. Sazónalas, agrega las hortalizas (calabacín, zanahoria y ajo) escurridas y mezcla bien. Añade el pan rallado poco a poco, sin dejar de mezclar, hasta conseguir una masa homogénea. Coge pequeñas porciones de masa, redondéalas y forma las albóndigas. Pásalas por harina y fríelas en una sartén con abundante aceite. Escúrrelas sobre una fuente cubierta con papel absorbente. Sirve la salsa en la base de los platos y coloca encima 3-4 albóndigas. Decora los platos con polvo de perejil y unas hojas de perejil. | D2: Patata | E2: 2 | F2: uds
D3: Calabacín | E3: 1 | F3: uds
D4: Zanahoria | E4: 3 | F4: uds
D5: Diente de ajo | E5: 3 | F5: uds
D6: Cebolla | E6: 1 | F6: uds
D7: Puerro | E7: 1 | F7: uds
D8: Harina | E8: 1 | F8: cuch
D9: Vino blanco | E9: 100 | F9: mL
D10: Pan rallado | E10: 50 | F10: g
D11: Harina | E11: 1 | F11: uds
D12: Aceite de oliva | E12: 1 | F12: uds
D13: Perejil | E13: 1 | F13: uds
D14: Sal | E14: 1 | F14: uds
A15: Berenjenas rellenas con bechamel de queso azul | B15: 224 | C15: Calienta una cazuela grande con abundante agua y sazónala. Corta las berenjenas por la mitad a lo largo, agrégalas y cuécelas durante 15 minutos. Retíralas, escúrrelas, sécalas bien y vacíalas sin romperles la piel. Corta la pulpa en daditos y resérvala. Reserva también las 4 cáscaras. Pela los dientes de ajo y córtalos en daditos. Pela la zanahoria y córtala del mismo modo. Lava el pimiento, retírale el tallo y las semillas y córtalo también en daditos. Pon las hortalizas a rehogar en una sartén con 3 cucharadas de aceite, sazónalas y cocínalas durante 6-8 minutos. Pica la carne de pavo, salpimiéntala, incorpórala a la sartén y cocínala brevemente. Agrega la pulpa de las berenjenas y cocina conjuntamente durante 5 minutos. Rellena las cáscaras de berenjena con la farsa y resérvalas. Para preparar la bechamel, calienta el aceite, añade la harina y cocínala un poco. Agrega la leche poco a poco, sin dejar de remover hasta que los ingredientes queden bien integrados. Sazona y cocina la bechamel durante 6-8 minutos sin dejar de remover. Cuando esté casi a punto, añade el queso azul y cocina hasta que quede integrado en la bechamel. Napa las berenjenas con la bechamel de queso, introdúcelas en el horno y gratínalas (3-5 minutos) hasta que se doren. Sirve media berenjena en cada plato y adórnalos con unas hojas de perejil. | D15: Berenjena | E15: 2 | F15: uds
D16: Diente de ajo | E16: 3 | F16: uds
D17: Zanahoria | E17: 1 | F17: uds
D18: Pimiento verde | E18: 1 | F18: uds
D19: Pechuga de pavo | E19: 300 | F19: g
D20: Aceite de oliva | E20: 1 | F20: uds
D21: Perejil | E21: 1 | F21: uds
D22: Pimienta | E22: 1 | F22: uds
D23: Sal | E23: 1 | F23: uds
D24: Queso azul | E24: 100 | F24: g
D25: Harina | E25: 30 | F25: g
D26: Leche | E26: 350 | F26: mL
D27: Aceite de oliva | E27: 2 | F27: cuch
D28: Sal | E28: 1 | F28: uds
A29: Pastel de patatas, jamón cocido y panceta | B29: 254 | C29: Casca los huevos y ponlos en un bol. Agrega la leche y un poco de perejil picado y salpimienta. Pela las patatas cocidas, trocéalas y añádelas. Mezcla bien y reserva. Corta la panceta y el jamón en dados y saltéalos en una sartén con 2 cucharadas de aceite. Retíralos, escúrrelos y añádelos al bol de los huevos con patata. Unta un molde con mantequilla y espolvoréalo con un poco de harina. Vierte en él la mezcla anterior y hornea a 180 ºC durante 30 minutos. Retira el pastel y deja que se temple un poco. Desmolda el pastel, sírvelo y acompáñalo con la salsa de tomate. Adorna los platos con unas hojas de perejil. | D29: Patata | E29: 4 | F29: uds
D30: Jamón cocido | E30: 150 | F30: g
D31: Panceta | E31: 150 | F31: g
D32: Huevo | E32: 5 | F32: uds
D33: Leche | E33: 150 | F33: mL
D34: Mantequilla | E34: 1 | F34: uds
D35: Harina | E35: 1 | F35: uds
D36: Tomate frito | E36: 250 | F36: mL
D37: Aceite de oliva | E37: 1 | F37: uds
D38: Perejil | E38: 1 | F38: uds
D39: Pimienta | E39: 1 | F39: uds
D40: Sal | E40: 1 | F40: uds
A41: Pastel de calabacín al horno | B41: 255 | C41: Extiende 1 cucharada de aceite sobre un recipiente o molde rectangular apto para el horno. Coloca un trozo de papel de hornear a lo largo del recipiente, dejando una pestaña por cada lado. Úntalo con otra cucharada de aceite, espolvoréalo con las 2 cucharadas de harina y espárcela bien. Pela las cebollas, córtalas en juliana fina y rehógalas durante 6-8 minutos en una sartén con 4-5 cucharadas de aceite. Lava los calabacines (déjalos con piel), córtalos en medias lunas e incorpóralos a la sartén. Sazona y cocina todo conjuntamente durante unos 15 minutos. Escurre bien y reserva. Casca los huevos y ponlos en un bol grande. Agrega la leche, la nata, el orégano y una pizca de sal y bate todo bien. Incorpora al bol la farsa de cebolla y calabacín y mezcla suavemente. Vierte la mezcla en el recipiente apto para el horno, espolvoréala con el queso y hornea a 180 ºC durante 30 minutos. Retira el pastel del horno y deja que se temple. Desmolda el pastel, córtalo en porciones y sirve. Acompaña cada ración con un poco de salsa de tomate caliente. Decora los platos con unas hojas de perejil. | D41: Calabacín | E41: 2 | F41: uds
D42: Cebolla | E42: 2 | F42: uds
D43: Huevo | E43: 2 | F43: uds
D44: Leche | E44: 100 | F44: mL
D45: Nata | E45: 100 | F45: mL
D46: Queso rallado | E46: 100 | F46: g
D47: Tomate frito | E47: 250 | F47: mL
D48: Harina | E48: 2 | F48: cuch
D49: Aceite de oliva | E49: 1 | F49: uds
D50: Orégano | E50: 1 | F50: uds
D51: Sal | E51: 1 | F51: uds
D52: Perejil | E52: 1 | F52: uds

Sheet Legumbres
A1: =Sopas!A1 -> Plato | B1: Página | C1: Elaboración | D1: =Sopas!D1 -> Ingredientes | E1: =Sopas!E1 -> Cantidades | F1: =Sopas!F1 -> Unidades
A2: Alubias blancas con butifarra | B2: 291 | C2: La víspera, pon las alubias blancas en un bol grande, cúbrelas con agua, introdúcelas en el frigorífico y déjalas a remojo. Escúrrelas, ponlas en una olla rápida y cúbrelas con agua. Limpia el puerro (retírale la parte inferior, la superior y la primera capa y enjuágalo), córtalo en 3-4 trozos y ponlo en una red de cocer legumbres. Pela la cebolla y agrégala a la red. Cierra la red e introdúcela en la olla junto con el laurel. Sazona, cierra la olla y cuece las alubias durante 3 minutos. Escurre las alubias y resérvalas. En el momento de servir, saca las hortalizas de la red, córtalas un poco y ponlas en una fuente. Sazónalas y riégalas con un chorrito de aceite. Calienta una sartén grande con 3 cucharadas de aceite. Pincha las butifarras con una puntilla (cuchillo pequeño), colócalas en la sartén y cocínalas a fuego medio durante 3-4 minutos por cada lado. Retíralas y resérvalas en un plato. A la hora de servir, córtalas en rodajas gruesas. Agrega las alubias escurridas a la sartén donde has cocinado las butifarras y saltéalas durante 2 minutos. Sirve en cada plato una buena porción de alubias y unas rodajas de butifarra. Acompaña con el puerro y la cebolla y adorna los platos con unas hojas de perejil. | D2: Alubias blancas | E2: 400 | F2: g
D3: Butifarra blanca | E3: 4 | F3: g
D4: Puerro | E4: 1 | F4: uds
D5: Cebolla | E5: 1 | F5: uds
D6: Aceite de oliva | E6: 1 | F6: uds
D7: Laurel | E7: 2 | F7: uds
D8: Perejil | E8: 1 | F8: uds
D9: Sal | E9: 1 | F9: uds
A10: Chícaros con codillo | B10: 296 | C10: Calienta 3-4 cucharadas de aceite en una olla rápida. Pela los dientes de ajo, córtalos en dados y añádelos a la olla. Pela la cebolla, córtala en daditos y agrégala. Retira el tallo y las semillas del pimiento, córtalo de la misma manera e incorpóralo. Sazona y cocina las hortalizas a fuego suave durante 10 minutos. Agrega la salsa de tomate y cocina durante 4-5 minutos más. Calienta 1 cucharada de aceite en una sartén. Corta los chorizos en rodajas y la panceta en trozos de 1 cm, añádelos a la sartén y dóralos bien. Incorpóralos (sin grasa) a la olla. Pela la calabaza y córtala en trozos de bocado. Pela las patatas y trocéalas (cascándolas). Agrégalas (calabaza y patatas) a la olla. Añade también los chícharos, el codillo, el laurel, el pimentón y el comino. Cubre todo con agua, cierra la olla y cocina los ingredientes a fuego suave-medio durante 15 minutos. Abre la olla, retira el codillo y córtalo en 6 trozos. Reparte el guiso en 6 platos y pon un trozo de codillo en cada uno. Adórnalos con unas hojas de perejil. | D10: Chícharos | E10: 400 | F10: g
D11: Codillo de cerdo | E11: 1 | F11: uds
D12: Diente de ajo | E12: 5 | F12: uds
D13: Cebolla | E13: 1 | F13: uds
D14: Pimiento verde | E14: 1 | F14: uds
D15: Tomate frito | E15: 100 | F15: mL
D16: Chorizo | E16: 2 | F16: uds
D17: Panceta | E17: 100 | F17: g
D18: Calabaza | E18: 250 | F18: g
D19: Patata | E19: 2 | F19: uds
D20: Aceite de oliva | E20: 1 | F20: uds
D21: Laurel | E21: 1 | F21: uds
D22: Perejil | E22: 1 | F22: uds
... D25: Sal | E25: 1 | F25: uds
A26: Lentejas con chorizo y panceta | B26: 300 | C26: Pon la panceta en una olla rápida, cúbrela con agua, sazónala, cierra la olla y cuécela durante 30 minutos. Retírala y deja que se enfríe. Calienta 2-3 cucharadas de aceite en una cazuela. Pela la cebolleta y la zanahoria y limpia bien el puerro (retírale la parte inferior, la superior y 1-2 capas de hojas y enjuágalo). Corta la cebolleta en dados, y la zanahoria y el puerro, en cuartos de luna finos. Agrega las hortalizas a la cazuela, sazónalas y cocínalas a fuego suave-medio durante 8-10 minutos. Corta el chorizo en 4 trozos e incorpóralo a la cazuela. Agrega las lentejas, cúbrelas con abundante agua (3-4 veces más que de lentejas), sazónalas y cuécelas a fuego suave durante 40-45 minutos. Añade el pimentón y mezcla bien. Calienta una sartén sin aceite. Corta la panceta en 4 trozos, ponlos en la sartén y dóralos por los dos lados. Sirve las lentejas con chorizo en 4 platos y coloca un trozo de panceta en cada uno. Adorna los platos con unas hojas de perejil. | D26: Lentejas | E26: 300 | F26: g
D27: Chorizo | E27: 100 | F27: g
D28: Panceta | E28: 200 | F28: g
D29: Cebolla | E29: 1 | F29: uds
D30: Zanahoria | E30: 1 | F30: uds
D31: Puerro | E31: 1 | F31: uds
D32: Aceite de oliva | E32: 1 | F32: uds
D33: Perejil | E33: 1 | F33: uds
D34: Pimentón | E34: 0.5 | F34: cuch
D35: Sal | E35: 1 | F35: uds
A36: Alubias con panceta asada | B36: 302 | C36: Sazona la panceta, colócala en un recipiente apto para el horno, riégala con un chorro de aceite y ásala en el horno a 170 ºC durante 30 minutos. Sube la temperatura a 190 ºC y hornéala durante otros 10 minutos más. Retírala y córtala en 4 trozos. Pela la cebolleta y córtala en daditos. Limpia los puerros (retirándoles la parte inferior, la superior y 1-2 capas), enjuágalos bien y córtalos en daditos. Pela la zanahoria y córtala de la misma manera. Calienta 2 cucharadas de aceite en una olla rápida, agrega las hortalizas, sazónalas y rehógalas durante 10 minutos. Pela el tomate, pícalo finamente e incorpóralo. Cocina conjuntamente durante 6-8 minutos. Agrega las alubias, cúbrelas con agua y sazónalas. Tapa y cierra la olla y cuécelas durante unos 15 minutos. Calienta agua en una cazuela, introduce en ella la morcilla y cuécela a fuego suave durante 30 minutos (15 por cada lado). Retírala y córtala en 4 trozos. Reparte las alubias en 4 platos y pon encima de cada uno 1 trozo de morcilla y 1 trozo de panceta. Decora los platos con unas hojas de perejil. | D36: Alubias negras | E36: 300 | F36: g
D37: Panceta | E37: 250 | F37: g
D38: Cebolla | E38: 1 | F38: uds
D39: Puerro | E39: 2 | F39: uds
D40: Zanahoria | E40: 1 | F40: uds
D41: Tomate | E41: 1 | F41: uds
D42: Morcilla de verduras | E42: 1 | F42: uds
D43: Aceite de oliva | E43: 1 | F43: uds
D44: Perejil | E44: 1 | F44: uds
D45: Sal | E45: 1 | F45: uds
A46: Alubias con chorizo y arroz integral | B46: 304 | C46: Pon las alubias a remojo la víspera. Escurre las alubias y ponlas en una olla rápida, corta el chorizo en 8 trozos y añádelos. Pela la cebolleta y 2 dientes de ajo, córtalos en daditos e incorpóralos. Sazona, agrega 1 cucharada de aceite y el pimentón y añade agua hasta cubrir. Cierra la olla y cocina las alubias durante 15 minutos. Pela los otros 2 dientes de ajo y dóralos en una cazuela con 2 cucharadas de aceite. Añade el arroz, sazónalo, cúbrelo con agua (el triple que de arroz) y cuécelo durante 30 minutos. Reparte las alubias con chorizo y el arroz en 4 platos. Adórnalos con unas hojas de perejil. | D46: Alubias negras | E46: 300 | F46: g
D47: Chorizo | E47: 125 | F47: g
D48: Arroz integral | E48: 200 | F48: g
D49: Cebolla | E49: 1 | F49: uds
D50: Diente de ajo | E50: 4 | F50: uds
D51: Aceite de oliva | E51: 1 | F51: uds
D52: Perejil | E52: 1 | F52: uds
D53: Pimentón | E53: 0.5 | F53: cuch
A54: Garbanzos con panceta ibérica | B54: 306 | C54: Pon los garbanzos a remojar la víspera. Calienta abundante agua en la olla rápida. Introduce los garbanzos (escurridos), la panceta y los granos de pimienta negra. Sazona, cierra la olla y cuece todo durante 20 minutos. Retira la panceta, córtala en dados y resérvala. Retira los garbanzos, escúrrelos y resérvalos. Pela los dientes de ajo y la cebolleta, córtalos en daditos y rehógalos en una sartén grande con 4 cucharadas de aceite durante 10 minutos. Incorpora los garbanzos, sazónalos y saltéalos. Calienta otra sartén, agrega 1 cucharada de aceite y los dados de panceta ibérica y cocínalos hasta que se doren un poco. Reparte los garbanzos y los dados de panceta en 4 platos. Adórnalos con unas hojas de perejil. | D54: Garbanzos | E54: 300 | F54: g
D55: Panceta | E55: 250 | F55: g
D56: Diente de ajo | E56: 2 | F56: uds
D57: Cebolla | E57: 2 | F57: uds
D58: Aceite de oliva | E58: 1 | F58: uds
D59: Perejil | E59: 1 | F59: uds
D60: Pimienta | E60: 1 | F60: uds
D61: Sal | E61: 1 | F61: uds
A62: Lentejas con zanahorias y cúrcuma | B62: 309 | C62: Pon a calentar abundante agua en una olla rápida e introduce en ella las lentejas. Pela la cebolla, córtala en 4 y ponla en una red para cocer legumbres. Limpia el puerro (retírale la parte inferior, la superior y 1-2 capas de hojas y enjuágalo), córtalo en 4 e introdúcelo en la red. Lava el tomate, córtalo en 4 y añádelo. Pela el diente de ajo y agrégalo. Agrega también la hoja de laurel. Cierra la red e introdúcela en la olla. Sazona, cierra la olla y cocina las lentejas a fuego medio durante 15-20 minutos. Retira la red, ábrela, retira el laurel, pasa las hortalizas a un vaso batidor y tritúralas con una batidora eléctrica hasta conseguir un puré homogéneo. Incorpóralo a la olla y remuévela hasta que los ingredientes queden bien integrados. Pela las zanahorias y córtalas en rodajas finas. Calienta una sartén con 2-3 cucharadas de aceite, añade las zanahorias y saltéalas durante 4-5 minutos. Agrega la cúrcuma y una pizca de sal y saltea brevemente (1 minuto), hasta que la cúrcuma impregne las zanahorias. Reparte las lentejas en 4 platos y coloca una porción de zanahorias en cada plato. Decóralos con unas hojas de perejil. | D62: Lentejas | E62: 400 | F62: g
D63: Zanahoria | E63: 3 | F63: uds
D64: Cebolla | E64: 1 | F64: uds
D65: Puerro | E65: 1 | F65: uds
D66: Tomate | E66: 1 | F66: uds
D67: Diente de ajo | E67: 1 | F67: uds
D68: Aceite de oliva | E68: 1 | F68: uds
D69: Perejil | E69: 1 | F69: uds
D70: Laurel | E70: 1 | F70: uds
D71: Cúrcuma | E71: 1 | F71: cuch
D72: Sal | E72: 1 | F72: uds
A73: Falafel con salsa de yogur | B73: 318 | C73: Calienta agua en una olla rápida. Cuando empiece a hervir, introduce los garbanzos, sazónalos, cierra la olla y cuécelos durante 15 minutos. Escúrrelos y resérvalos. Pela la cebolla y el diente de ajo, pícalos finamente y rehógalos durante 5-6 minutos en una sartén con 2 cucharadas de aceite. Pasa los garbanzos y las hortalizas (escurridas) por el pasapurés sobre un bol grande. Agrega el perejil picado, el cilantro, el comino, la pimienta y una pizca de sal y mezcla bien. Incorpora la harina de garbanzo y mezcla bien, hasta conseguir una masa homogénea. Divide la masa en pequeñas porciones y redondéalas. Fríelas en un cazo con abundante aceite hasta que se doren. Retíralas y escúrrelas sobre un plato cubierto con papel absorbente. Para preparar la salsa de yogur, ralla el ajo (o pícalo finamente), ponlo en un bol, agrega el yogur, el zumo de limón, la ralladura, el perejil, la pimienta y la sal y mezcla bien. Sirve el falafel y acompáñalo con la salsa de yogur. Adorna los platos con unas hojas de perejil. | D73: Garbanzos | E73: 300 | F73: g
D74: Harina de garbanzo | E74: 100 | F74: g
D75: Cebolla dulce | E75: 0.5 | F75: uds
D76: Diente de ajo | E76: 1 | F76: uds
D77: Aceite de oliva | E77: 1 | F77: uds
D78: Perejil | E78: 1 | F78: uds
D79: Cilantro | E79: 1 | F79: uds
D80: Comino | E80: 1 | F80: uds
D81: Pimienta | E81: 0.5 | F81: uds
D82: Yogur griego natural | E82: 1 | F82: uds
D83: Diente de ajo | E83: 1 | F83: uds
D84: Limón | E84: 0.5 | F84: uds
D85: Ralladura de limón | E85: 1 | F85: uds
... D88: Sal | E88: 1 | F88: uds
A89: Guiso del maestro | B89: 448 | C89: La víspera, pon los garbanzos a remojo. Calienta abundante agua en una olla rápida. Agrega los garbanzos (escurridos), el hueso de jamón, el laurel y 2 dientes de ajo (sin pelar) golpeados. Pela 1 cebolla y añádela. Cierra la olla y cuece los garbanzos durante 20 minutos. Reserva el caldo y los garbanzos. Calienta 3 cucharadas de aceite en una cazuela baja. Pela los otros 2 dientes de ajo, pícalos (dados o láminas) y agrégalos a la cazuela. Pela la otra cebolla, córtala en daditos y añádela. Cocina las hortalizas durante 6-8 minutos a fuego suave. Corta el jamón en dados, incorpóralo y rehógalo brevemente (1 minuto). Vierte encima el vino y dale un hervor rápido para que se evapore el alcohol. Agrega la salsa de tomate y los fideos y mezcla bien. Añade 600 ml del caldo reservado y cocina los fideos durante unos 8 minutos. Incorpora los garbanzos y cuece todo junto durante 4-5 minutos más. Agrega un poco de perejil picado y remueve la cazuela. Sirve y adorna los platos con unas hojas de perejil. | D89: Garbanzos | E89: 250 | F89: g
D90: Fideos | E90: 300 | F90: g
D91: Jamón | E91: 200 | F91: g
D92: Hueso de jamón | E92: 1 | F92: uds
D93: Diente de ajo | E93: 4 | F93: uds
D94: Cebolla | E94: 2 | F94: uds
D95: Vino blanco | E95: 75 | F95: mL
D96: Tomate frito | E96: 100 | F96: mL
D97: Aceite de oliva | E97: 1 | F97: uds
D98: Laurel | E98: 1 | F98: uds
D99: Perejil | E99: 1 | F99: uds

Sheet Huevos
A1: =Sopas!A1 -> Plato | B1: Página | C1: Elaboración | D1: =Sopas!D1 -> Ingredientes | E1: =Sopas!E1 -> Cantidades | F1: =Sopas!F1 -> Unidades
A2: Huevos escoceses | B2: 326 | C2: Calienta agua en un cazo, introduce en él los huevos de codorniz y cuécelos durante 4 minutos. Retíralos, refréscalos, pélalos y resérvalos. Corta la cebolla en daditos y ponla en un bol. Agrega las carnes, las yemas de huevo y la cucharada de pan rallado. Pela la manzana, rállala e incorpórala. Agrega también el kétchup y el jengibre rallado. Salpimienta y mezcla bien hasta que los ingredientes queden perfectamente integrados. Divide la mezcla en 8 porciones. Coge una porción de carne, extiéndela un poco, pon un huevo de codorniz en el centro y envuélvelo con la carne hasta taparlo y formar una albóndiga. Repite el proceso con el resto de la carne y de los huevos. Pásalos por harina, huevo y pan rallado y fríelos en una sartén con abundante aceite a fuego medio durante unos 5 minutos. Retíralos y escúrrelos sobre una fuente cubierta con papel absorbente. Aliña la escarola con aceite, vinagre y sal. Sirve en cada plato 2 huevos escoceses y una porción de escarola. Acompáñalos con la mostaza y adorna los platos con unas hojas de perejil. | D2: Huevos de codorniz | E2: 8 | F2: uds
D3: Carne picada | E3: 600 | F3: g
D4: Cebolla | E4: 0.5 | F4: uds
D5: Huevo | E5: 2 | F5: uds
D6: Pan rallado | E6: 1 | F6: uds
D7: Manzana | E7: 1 | F7: uds
D8: Kétchup | E8: 2 | F8: cuch
D9: Jengibre | E9: 15 | F9: g
D10: Mezcla rebozar | E10: 1 | F10: uds
D11: Mostaza | E11: 1 | F11: uds
D12: Vinagre | E12: 1 | F12: uds
D13: Perejil | E13: 1 | F13: uds
D14: Pimienta | E14: 1 | F14: uds
D15: Sal | E15: 1 | F15: uds
A16: Huevos napoleón | B16: 329 | C16: Corta el pan en dados, ponlos en una bandeja de horno y hornéalos a 220 ºC, hasta que se doren. Retíralos y resérvalos. Pela los dientes de ajo, pícalos y ponlos a dorar en una sartén con 3-4 cucharadas de aceite. Corta las cebolletas en juliana y añádelas. Retira el tallo y las semillas de los pimientos, córtalos en dados grandes y agrégalos. Sazona y cocina las hortalizas durante 10-15 minutos. Reparte en 4 recipientes aptos para el horno las hortalizas y, encima, los dados de pan tostados y el queso. Casca los huevos, pon 2 en cada recipiente y sazónalos. Introdúcelos en el horno a 180 ºC durante unos 8 minutos. Sirve y decora con unas hojas de perejil. | D16: Huevo | E16: 8 | F16: uds
D17: Rebanada de pan | E17: 8 | F17: uds
D18: Diente de ajo | E18: 2 | F18: uds
D19: Cebolla | E19: 2 | F19: uds
D20: Pimiento verde | E20: 2 | F20: uds
D21: Queso gratinar | E21: 200 | F21: g
D22: Aceite de oliva | E22: 1 | F22: uds
D23: Perejil | E23: 1 | F23: uds
D24: Sal | E24: 1 | F24: uds
A25: Rollitos de tortilla, queso y panceta | B25: 334 | C25: Pela el diente de ajo y la cebolla, córtalos en dados y ponlos a rehogar en una cazuela con 3-4 cucharadas de aceite. Retira el tallo y las semillas del pimiento, córtalo de la misma manera y agrégalo. Sazona y cocina las hortalizas durante 10 minutos. Agrega 250 ml de agua y deja que reduzca durante 10 minutos. Tritura los ingredientes con una batidora eléctrica hasta conseguir una salsa homogénea y resérvala. Casca 1 huevo, ponlo en un bol, sazónalo, añade un poco de perejil picado y bátelo. Calienta una sartén pequeña con unas gotas de aceite, vierte en ella el huevo y cuaja una tortilla (a modo de crepe). Repite el proceso con el resto de los huevos. Fríe las lonchas de panceta (sin que se doren) en una sartén con una gotita de aceite. Retíralas a un plato y resérvalas. Corta 8 bastones de queso y ralla el resto. Extiende las tortillas, pon 1 bastón de queso en uno de los lados de cada una y enróllalas alrededor. Envuelve cada tortilla con 1 loncha de panceta y coloca los rollitos sobre una bandeja o fuente apta para el horno. Espolvoréalos con el queso rallado y gratínalos en el horno hasta que se doren un poco. Sirve la salsa en el fondo de 4 platos y coloca encima 2 rollitos en cada uno. Adorna los platos con unas hojas de perejil. | D25: Huevo | E25: 8 | F25: uds
D26: Queso | E26: 250 | F26: g
D27: Lonchas panceta | E27: 8 | F27: uds
D28: Diente de ajo | E28: 1 | F28: uds
D29: Cebolla | E29: 1 | F29: uds
D30: Pimiento verde | E30: 4 | F30: uds
D31: Aceite de oliva | E31: 1 | F31: uds
D32: Perejil | E32: 1 | F32: uds
D33: Sal | E33: 1 | F33: uds
A34: Huevos teresita | B34: 340 | C34: Pon agua a calentar en un cazo, introduce los huevos y cuécelos durante 10 minutos desde el momento en que el agua empiece a hervir (para que las yemas queden centradas, remuévelos circularmente con una cuchara de madera). Retíralos, refréscalos, pélalos y córtalos por la mitad. Separa las yemas de las claras y resérvalas por separado. Calienta agua en una cazuela y, cuando empiece a hervir, agrega los guisantes. Sazónalos y cuécelos durante 10-15 minutos (según tamaño). Para el relleno, pela los ajos, pícalos, ponlos en el mortero y májalos bien. Añade las yemas, 1 cucharada de perejil picado y una pizca de sal. Maja de nuevo hasta conseguir una pasta homogénea (si queda muy seca, puedes añadir un poco de agua). Rellena las claras de huevo con el majado y dóralas (en tandas) boca abajo en una sartén con 2-3 cucharadas de aceite caliente. Cuando estén selladas, retíralas y resérvalas. Corta el jamón en daditos y ponlo a dorar en una tartera (cazuela amplia y baja) con 3 cucharadas de aceite. Cuando coja un poco de color, añade la harina, rehógala un poco y agrega el pimentón. Incorpora el caldo, los guisantes y los huevos (boca abajo). Tapa la tartera y cocínalos en la salsa durante 6-8 minutos. Con ayuda de un cortapastas redondo (pequeño), corta 4 círculos de cada rebanada de pan. Calienta abundante aceite en una sartén y fríe en él 1 rebanada de pan y 4 círculos por los 2 lados. Retíralos y escúrrelos sobre una fuente cubierta con papel absorbente. Repite el proceso con las otras 3 rebanadas de pan y los 12 círculos. Pon las rebanadas de pan en 4 platos, coloca las claras rellenas en los huecos y salsea. Adorna los platos con unas hojas de perejil y los círculos de pan frito. | D34: Huevo | E34: 8 | F34: uds
D35: Guisantes | E35: 100 | F35: g
D36: Diente de ajo | E36: 2 | F36: uds
D37: Jamón | E37: 100 | F37: g
D38: Harina | E38: 1 | F38: cuch
D39: Caldo de ave | E39: 300 | F39: mL
D40: Rebanada de pan | E40: 4 | F40: uds
D41: Aceite de oliva | E41: 1 | F41: uds
D42: Perejil | E42: 1 | F42: uds
D43: Pimentón | E43: 0.5 | F43: cuch
D44: Sal | E44: 1 | F44: uds

Sheet Arroces
A1: =Sopas!A1 -> Plato | B1: Página | C1: Elaboración | D1: =Sopas!D1 -> Ingredientes | E1: =Sopas!E1 -> Cantidades | F1: =Sopas!F1 -> Unidades
A2: Arroz al horno | B2: 346 | C2: Lava los tomates, pela uno y córtalo en dados. Corta los otros 2 por la mitad. Calienta una tartera (cazuela amplia y plana) apta para el horno con 3 cucharadas de aceite. Añade los dados de tomate, la cabeza de ajos entera y los tomates cortados a la mitad y cocínalos durante 3-4 minutos. Pela las patatas, córtalas en rodajas de 1 cm, agrégalas y sazónalas. Incorpora el arroz y rehógalo brevemente. Añade los garbanzos, el caldo caliente, las hebras de azafrán y el pimentón. Sazona y cocina el arroz a fuego fuerte durante 6-8 minutos. Introduce la tartera en el horno y hornea el arroz a 200 ºC durante 12-14 minutos. Retira la tartera del horno y sirve. Adorna los platos con unas hojas de perejil. | D2: Arroz | E2: 300 | F2: g
D3: Tomate | E3: 3 | F3: uds
D4: Cabeza de ajos | E4: 1 | F4: uds
D5: Patata | E5: 2 | F5: uds
D6: Garbanzos | E6: 150 | F6: g
D7: Caldo de verduras | E7: 900 | F7: mL
D8: Aceite de oliva | E8: 1 | F8: uds
D9: Perejil | E9: 1 | F9: uds
D10: Azafrán | E10: 1 | F10: uds
D11: Pimentón | E11: 1 | F11: cuch
D12: Sal | E12: 1 | F12: uds
A13: Arroz con costilla de cerdo | B13: 352 | C13: Calienta agua en la olla y sazónala. Limpia el puerro (retírale la parte inferior, la superior y 1-2 capas y enjuágalo), trocéalo e introdúcelo en la olla. Agrega la costilla, cierra la olla y cuécela durante 10-15 minutos. Retírala, escúrrela y salpimiéntala. Calienta 3-4 cucharadas de aceite en una tartera (cazuela amplia y baja), añade los trozos de costilla y rehógala hasta que esté bien dorada. Retírala a un plato y resérvala. Pela la cebolleta, el pimiento rojo y los ajos, córtalos en daditos y agrégalos a la tartera. Sazona y cocina las hortalizas a fuego suave-medio durante 10-15 minutos. Incorpora el arroz y rehógalo brevemente. Añade el pimentón, la costilla y agua caliente (el doble y un poco más que de arroz) y cocina todo durante 20 minutos. Sirve el arroz y adorna los platos con unas hojas de perejil. | D13: Arroz | E13: 300 | F13: g
D14: Costilla de cerdo | E14: 600 | F14: g
D15: Puerro | E15: 1 | F15: uds
D16: Cebolla | E16: 1 | F16: uds
D17: Pimiento rojo | E17: 0.5 | F17: uds
D18: Diente de ajo | E18: 2 | F18: uds
D19: Aceite de oliva | E19: 1 | F19: uds
D20: Perejil | E20: 1 | F20: uds
D21: Pimienta | E21: 1 | F21: uds
D22: Pimentón | E22: 1 | F22: cuch
D23: Sal | E23: 1 | F23: uds
A24: Pasteles de arroz, zanahorias y panceta | B24: 352 | C24: Pon agua a hervir en una olla rápida, añade el arroz y sazónalo. Cierra la olla, cuécelo durante 5 minutos, escúrrelo y resérvalo. Pela las zanahorias y cuécelas durante 15 minutos en una cazuela con agua y una pizca de sal. Resérvalas. Pela la cebolla y los dientes de ajo, córtalos en dados y rehógalos durante 8-10 minutos a fuego suave en una sartén con 3 cucharadas de aceite. Corta la panceta en dados, añádela y cocínala hasta que se dore. Pon los huevos en un bol y bátelos. Agrega la leche y bate de nuevo. Incorpora las hortalizas con la panceta y el arroz y mezcla bien. Corta las zanahorias en rodajas y añádelas. Mezcla con cuidado, reparte la mezcla en 4 recipientes individuales aptos para el horno y hornéalos a 200 ºC durante 12 minutos. Sirve los pasteles y adórnalos con unas hojas de perejil. | D24: Arroz | E24: 200 | F24: g
D25: Zanahoria | E25: 6 | F25: uds
D26: Panceta | E26: 150 | F26: g
D27: Cebolla | E27: 1 | F27: uds
D28: Diente de ajo | E28: 2 | F28: uds
D29: Huevo | E29: 2 | F29: uds
D30: Leche | E30: 125 | F30: mL
D31: Aceite de oliva | E31: 1 | F31: uds
D32: Perejil | E32: 1 | F32: uds
D33: Sal | E33: 1 | F33: uds
A34: Croquetas de arroz con pollo y espinacas | B34: 353 | C34: Pela el diente de ajo, córtalo en daditos y dóralo en una cazuela con 3 cucharadas de aceite. Agrega el arroz y el agua (el doble y un poco más que de arroz), desmenuza encima la pastilla de caldo, mezcla y cocina el arroz durante 18-20 minutos. Deja que se enfríe. Calienta una sartén con 1 cucharada de aceite, sazona la pechuga, añádela a la sartén y dórala por los dos lados. Retira la pechuga, córtala en daditos y ponla en un bol grande. Limpia las hojas de espinacas, sécalas, pícalas finamente e introdúcelas en el bol. Agrega el arroz y mezcla todo bien. Casca un huevo, bátelo, incorpóralo al bol y mezcla de nuevo. Coge pequeñas porciones de masa, redondéalas, pásalas por harina y huevo batido y fríelas a fuego medio en una sartén con aceite. Escúrrelas sobre una fuente cubierta con papel absorbente. Calienta la salsa de tomate. Sirve en cada plato 5 croquetas y un poco de salsa de tomate. Adórnalos con unas hojas de perejil. | D34: Arroz | E34: 300 | F34: g
D35: Pechuga de pollo | E35: 100 | F35: g
D36: Espinacas | E36: 20 | F36: g
D37: Diente de ajo | E37: 1 | F37: uds
D38: Pastilla de caldo de pollo | E38: 1 | F38: uds
D39: Huevo | E39: 1 | F39: uds
D40: Mezcla rebozar | E40: 1 | F40: uds
D41: Tomate frito | E41: 300 | F41: mL
D42: Aceite de oliva | E42: 1 | F42: uds
D43: Perejil | E43: 1 | F43: uds
D44: Sal | E44: 1 | F44: uds
A45: Arroz con lomo, panceta y jamón cocido | B45: 354 | C45: Calienta una tartera (cazuela amplia y baja) con 4 cucharadas de aceite. Corta el jamón, la panceta y el lomo en dados, añádelos y rehógalos hasta que se doren. Retíralos a un plato y resérvalos. Pela la cebolla, la zanahoria y los dientes de ajo, córtalos en daditos e incorpóralos a la tartera. Retira el tallo y las semillas del pimiento, córtalo de la misma manera y añádelo. Sazona y cocina las hortalizas durante 12-15 minutos. Agrega el arroz a la tartera, rehógalo un poco, vierte encima el caldo caliente y cocínalo durante 12 minutos. Agrega las carnes, mezcla y cocina todo (si quieres, puedes terminarlo en el horno) durante 6-8 minutos más. Sirve el arroz y adorna los platos con unas hojas de perejil. | D45: Arroz | E45: 300 | F45: g
D46: Lomo adobado | E46: 6 | F46: uds
D47: Panceta | E47: 100 | F47: g
D48: Jamón cocido | E48: 125 | F48: g
D49: Cebolla | E49: 1 | F49: uds
D50: Zanahoria | E50: 1 | F50: uds
D51: Diente de ajo | E51: 2 | F51: uds
D52: Pimiento verde | E52: 1 | F52: uds
D53: Caldo de carne | E53: 700 | F53: mL
D54: Aceite de oliva | E54: 1 | F54: uds
D55: Perejil | E55: 1 | F55: uds
D56: Sal | E56: 1 | F56: uds
A57: Ensalada de arroz al curry | B57: 356 | C57: Pela los dientes de ajo, córtalos por la mitad y dóralos en una tartera (cazuela amplia y baja) con 2-3 cucharadas de aceite. Agrega el arroz, rehógalo brevemente, vierte encima agua (misma cantidad que de arroz), sazónalo y cuécelo durante el tiempo que indique el paquete. Déjalo reposar durante 2 minutos más. Escúrrelo, refréscalo, pásalo a un bol grande y resérvalo. Calienta una cazuela con agua. Corta el calabacín y las zanahorias (peladas) en dados, introdúcelos en la cazuela, sazónalos y cuécelos durante 5-6 minutos. Retíralos, escúrrelos y deja que se enfríen. En la misma cazuela donde has cocido las hortalizas, cuece las gambas durante 1 minuto. Retíralas, déjalas templar, pélalas y resérvalas. Pasa las cabezas de las gambas a un mortero, májalas, agrega 100 ml de aceite y mezcla bien. Pasa la mezcla por un chino sobre un bol, añade un chorrito de vinagre, una pizca de sal y el curry y mezcla bien. Agrega al bol del arroz el calabacín, la zanahoria, la mitad de las gambas (picadas), la cebolleta (cortada en daditos), los granos de maíz y las aceitunas (picadas) y mezcla todo. Reparte la ensalada en 4 boles. Adórnalos con el resto de las gambas y unas hojas de perejil y alíñalos con la vinagreta de curry. | D57: Arroz basmati | E57: 250 | F57: g
D58: Diente de ajo | E58: 2 | F58: uds
D59: Calabacín | E59: 0.5 | F59: uds
D60: Zanahoria | E60: 2 | F60: uds
D61: Gamba | E61: 16 | F61: uds
D62: Cebolla | E62: 1 | F62: uds
D63: Maíz | E63: 100 | F63: g
D64: Aceitunas negras | E64: 50 | F64: g
D65: Aceite de oliva | E65: 1 | F65: uds
D66: Vinagre | E66: 1 | F66: uds
D67: Curry | E67: 1 | F67: cuch
D68: Perejil | E68: 1 | F68: uds
D69: Sal | E69: 1 | F69: uds
A70: Arroz cuatro delicias | B70: 356 | C70: Calienta abundante agua en una cazuela. Añade el arroz, sazónalo y cuécelo durante 18-20 minutos (contados desde el momento en que el agua empiece a hervir). Retíralo, refréscalo, escúrrelo y resérvalo. Calienta una sartén con 1 cucharadita de aceite. Bate los huevos en un bol, sazónalos y viértelos en la sartén. Cuaja la tortilla, retírala a un plato, córtala en dados y resérvala. Corta el jamón en dados y pela las gambas. Mezcla el arroz, los dados de tortilla y de jamón, las gambas y los guisantes en una ensaladera. Reparte el arroz en 4 platos, adereza con la salsa de soja y adórnalos con unas hojas de perejil. | D70: Arroz | E70: 300 | F70: g
D71: Huevo | E71: 3 | F71: uds
D72: Gamba cocida | E72: 150 | F72: g
D73: Jamón cocido | E73: 200 | F73: g
D74: Guisantes | E74: 100 | F74: g
D75: Salsa de soja | E75: 50 | F75: mL
D76: Aceite de oliva | E76: 1 | F76: uds
D77: Perejil | E77: 1 | F77: uds
D78: Sal | E78: 1 | F78: uds
A79: Arroz con chorizo y jamón | B79: 357 | C79: Calienta agua en un cazo, introduce en él los huevos y cuécelos durante 10 minutos (contados desde el momento en que el agua empiece a hervir). Retíralos, refréscalos, pélalos, pícalos y resérvalos. Calienta agua en una cazuela y sazónala. Cuando empiece a hervir, añade el arroz y cuécelo durante 18 minutos. Retíralo, escúrrelo y resérvalo. Corta los pimientos en tiras. Calienta una sartén con 2 cucharadas de aceite y cocina en ella los pimientos a fuego suave durante 10 minutos. Retíralos y resérvalos. Corta el chorizo y el jamón en daditos y fríelos un poco en otra sartén con 2-3 cucharadas de aceite. Retira parte del aceite, incorpora el arroz, mezcla bien y rehógalo muy brevemente (para que se caliente el arroz). Sirve el arroz en 4 platos, adórnalo con las tiras de pimiento y espolvoréalo con el huevo cocido picado. Adorna los platos con unas hojas de perejil. | D79: Arroz | E79: 300 | F79: g
D80: Chorizo | E80: 100 | F80: g
D81: Jamón | E81: 100 | F81: g
D82: Huevo | E82: 2 | F82: uds
D83: Pimientos del piquillo | E83: 8 | F83: uds
D84: Aceite de oliva | E84: 1 | F84: uds
D85: Perejil | E85: 1 | F85: uds
D86: Sal | E86: 1 | F86: uds
A87: Arroz con tortilla y panceta | B87: 362 | C87: Limpia la lechuga, sécala, trocéala y ponla en un bol. Corta la cebolleta en juliana fina y agrégala. En el momento de servir, aliña la ensalada con aceite, vinagre y sal. Pela los dientes de ajo, córtalos por la mitad y rehógalos brevemente en una cazuela con 2 cucharadas de aceite. Agrega el arroz, rehógalo y vierte encima la misma cantidad de agua que de arroz (o la cantidad que indique el paquete). Sazona, tapa la cazuela y cocínalo a fuego medio durante 8-10 minutos (o el tiempo que indique el paquete). Retíralo y pásalo a un bol grande. Bate 2 huevos, sazónalos y añade un poco de perejil picado. Calienta una sartén con un poco de aceite, vierte en ella los huevos batidos y cuájalos hasta conseguir una tortilla fina y redonda. Prepara otra tortilla de la misma manera con los otros 2 huevos. Corta las tortillas en dados y añádelos al bol con el arroz. Corta la panceta en daditos y saltéalos (hasta que se doren) en una sartén con 2 cucharadas de aceite. Incorpórala al bol y mezcla bien. Sirve el arroz y acompáñalo con la ensalada de lechuga y cebolleta. Adorna los platos con unas hojas de perejil. | D87: Arroz basmati | E87: 250 | F87: g
D88: Huevo | E88: 4 | F88: uds
D89: Panceta gruesa | E89: 3 | F89: uds
D90: Lechuga | E90: 1 | F90: uds
D91: Cebolla | E91: 1 | F91: uds
D92: Diente de ajo | E92: 2 | F92: uds
D93: Aceite de oliva | E93: 1 | F93: uds
D94: Vinagre | E94: 1 | F94: uds
D95: Perejil | E95: 1 | F95: uds
D96: Sal | E96: 1 | F96: uds
A97: Risotto con panceta y pollo | B97: 365 | C97: Corta la cebolleta y el pimiento (pelado) en dados y rehógalos durante 8-10 minutos a fuego medio en una tartera (cazuela amplia y baja) con 3-4 cucharadas de aceite. Trocea la panceta, agrégala a la sartén y fríela hasta que se dore un poco. Corta el pollo en trozos de bocado, salpimiéntalo, añádelo y fríelo hasta que se dore. Incorpora a la tartera el arroz y las hebras de azafrán. Rehoga brevemente y vierte encima 500 ml de agua (caliente). Sazona y remuévelo a menudo. A medida que el arroz vaya absorbiendo el agua, añade otros 500 ml de agua. Repite el proceso hasta que el arroz esté a punto (unos 18 minutos). Añade el queso y remueve hasta que se funda. Sirve el risotto y adorna los platos con unas hojas de perejil. | D97: Arroz | E97: 300 | F97: g
D98: Panceta | E98: 100 | F98: g
D99: Muslo de pollo | E99: 2 | F99: uds
D100: Cebolla | E100: 1 | F100: uds
...

Sheet Pastas
A1: =Sopas!A1 -> Plato | B1: Página | C1: Elaboración | D1: =Sopas!D1 -> Ingredientes | E1: =Sopas!E1 -> Cantidades | F1: =Sopas!F1 -> Unidades
A2: Canelones a la boloñesa | B2: 370 | C2: Calienta abundante agua en una cazuela. Cuando empiece a hervir, sazónala, introduce en ella los canelones y cuécelos durante el tiempo que indique el paquete. Retíralos, escúrrelos y colócalos sobre un paño limpio de cocina. Calienta 3-4 cucharadas de aceite en una cazuela. Pela los dientes de ajo, córtalos en daditos y agrégalos. Pela la cebolla, córtala en daditos y añádela. Retira el tallo y las semillas del pimiento, córtalo de la misma manera e incorpóralo. Pela las zanahorias, córtalas en cuartos de luna y agrégalas. Corta la rama de apio en daditos y añádela. Sazona y rehoga las hortalizas durante 10-12 minutos. Agrega las carnes picadas, salpimiéntalas y rehógalas un poco. Vierte encima el vino blanco y dale un hervor. Incorpora el tomate, mezcla y cocina la boloñesa durante 10-15 minutos. Rellena los canelones con la boloñesa y repártelos en 4 platos (o fuente) aptos para el horno. Para preparar la bechamel, funde la mantequilla en una cazuela, añade la harina y rehógala bien. Agrega la leche poco a poco sin dejar de remover hasta que los ingredientes queden bien integrados. Cocina la bechamel a fuego suave durante 8-10 minutos. Condiméntala con sal, una pizca de nuez moscada y el perejil picado. Cubre los canelones con la salsa bechamel, espolvorea encima el queso y gratínalos hasta que el queso se dore. Sirve y adorna los platos con unas hojas de perejil. | D2: Láminas para canelones | E2: 16 | F2: uds
D3: Carne picada | E3: 400 | F3: g
D4: Diente de ajo | E4: 2 | F4: uds
D5: Cebolla | E5: 1 | F5: uds
D6: Pimiento verde | E6: 1 | F6: uds
D7: Zanahoria | E7: 2 | F7: uds
D8: Apio | E8: 1 | F8: uds
D9: Vino blanco | E9: 125 | F9: mL
D10: Tomate triturado | E10: 250 | F10: mL
D11: Queso en polvo | E11: 50 | F11: g
D12: Aceite de oliva | E12: 1 | F12: uds
D13: Perejil | E13: 1 | F13: uds
D14: Pimienta | E14: 1 | F14: uds
... D21: Sal | E21: 1 | F21: uds
A22: Cintas con tomate y queso | B22: 374 | C22: Pon a calentar abundante agua en una cazuela. Lava los tomates, hazles un corte superficial en cruz por la parte inferior, introdúcelos en la cazuela y escáldalos durante 2 minutos. Retíralos, pélalos y córtalos en daditos. Pela los dientes de ajo y corta cada uno en 3 láminas. Elimina la parte inferior de los espárragos y córtalos en rodajas de 1 cm. Calienta una sartén grande con 3 cucharadas de aceite, agrega los ajos y los espárragos y cocínalos durante 3-5 minutos a fuego suave. Incorpora los tomates, sazónalos, cocínalos durante 15 minutos a fuego medio y espolvoréalos con el orégano. Calienta abundante agua en una cazuela. Cuando empiece a hervir, sazona el agua, introduce en ella las cintas y cuécelas durante el tiempo que indique el paquete. Retíralas e introdúcelas directamente en la sartén con las hortalizas. Mezcla bien y repártelas en 4 platos. Espolvorea los platos con el queso y adórnalos con unas hojas de perejil. | D22: Cintas de pasta | E22: 300 | F22: g
D23: Tomate | E23: 3 | F23: uds
D24: Queso parmesano | E24: 75 | F24: g
D25: Diente de ajo | E25: 2 | F25: uds
D26: Espárragos verdes | E26: 12 | F26: uds
D27: Aceite de oliva | E27: 1 | F27: uds
D28: Orégano | E28: 1 | F28: uds
D29: Perejil | E29: 1 | F29: uds
D30: Sal | E30: 1 | F30: uds
A31: Espirales con sofrito y anchoas | B31: 376 | C31: Calienta abundante agua en una cazuela grande. Cuando empiece a hervir, añade la pasta y sazona. Cuécela durante un poquito menos del tiempo que indique el paquete (debe quedar muy al dente). Calienta 3 cucharadas de aceite en una tartera (cazuela amplia y baja). Limpia los ajos tiernos (retirándoles la parte inferior, la superior y 1 capa de hojas), córtalos en rodajas de 1 cm, añádelos a la tartera y rehógalos a fuego suave durante 3-4 minutos. Incorpora el sofrito de tomate y cebolla a la tartera. Corta las hojas de albahaca en juliana fina y agrégalas. Corta 12 aceitunas por la mitad (reserva el resto) y añádelas. Cocina todo conjuntamente durante 8-10 minutos. Añade la pasta (escurrida) al sofrito, mezcla bien y cocina todo durante 2-3 minutos. Reparte la pasta en 4 platos y muele encima un poco de pimienta. Coloca, encima de cada uno, 4 filetes de anchoa y 4 aceitunas (si quieres dar un toque especial a tus platos, puedes enroscar los filetes de anchoa alrededor de las aceitunas). Adorna los platos con unas hojas de perejil. | D31: Espirales | E31: 400 | F31: g
D32: Sofrito de tomate y cebolla | E32: 700 | F32: g
D33: Filetes de anchoas | E33: 16 | F33: uds
D34: Ajos frescos | E34: 8 | F34: uds
D35: Aceitunas negras | E35: 1 | F35: uds
D36: Aceite de oliva | E36: 1 | F36: uds
D37: Albahaca | E37: 1 | F37: uds
D38: Perejil | E38: 1 | F38: uds
D39: Pimienta | E39: 1 | F39: uds
D40: Sal | E40: 1 | F40: uds
A41: Lasaña de hortalizas con queso | B41: 378 | C41: Calienta 6 cucharadas de aceite en una cazuela grande. Corta las cebolletas en daditos y agrégalas. Pela las zanahorias, córtalas en cuartos de luna finos y añádelas. Retira el tallo y las semillas del pimiento, pélalo, córtalo en daditos e incorpóralo. Sazona y rehoga las hortalizas durante 6-8 minutos. Lava el calabacín, córtalo en medias lunas finas y agrégalo. Retira la parte inferior de los champiñones, enjuágalos, sécalos, córtalos primero por la mitad y luego en láminas e introdúcelos en la cazuela. Sazona y cocina todo junto durante 10-12 minutos más. Pica los tomates deshidratados y añádelos. Agrega también el tomillo y cocina todo junto durante 6-8 minutos más. Pon a calentar en una cazuela grande abundante agua con una pizca de sal. Cuando empiece a hervir, introduce en ella las láminas de lasaña de una en una y cuécelas durante el tiempo que indique el paquete. Cuando estén cocidas, escúrrelas y extiéndelas sobre un trapo limpio para que se sequen bien. Para hacer la bechamel, pon a calentar el aceite en una cazuela, añade la harina y rehógala un poco. Vierte la leche poco a poco, sin dejar de remover, y cocina la salsa durante 6-8 minutos (no hace falta que quede muy espesa). Sazónala, rállale encima un poco de nuez moscada, añádele el perejil picado, mezcla y resérvala. Para montar la lasaña, coloca en la base de una fuente apta para el horno 3 láminas de lasaña, la mitad de las hortalizas, 3 láminas de lasaña, el resto de las hortalizas y 3 láminas de lasaña. Cúbrelas con la bechamel y vierte encima la salsa de tomate formando unas líneas. Ralla el queso y espolvorea con él toda la superficie de la lasaña. Introduce la lasaña en el horno y gratínala hasta que se caliente y se dore el queso. Corta la lasaña en porciones y decora los platos con unas hojas de perejil. | D41: Láminas de lasaña | E41: 9 | F41: uds
D42: Cebolleta | E42: 2 | F42: uds
D43: Zanahoria | E43: 2 | F43: uds
D44: Pimiento rojo | E44: 1 | F44: uds
D45: Calabacín | E45: 1 | F45: uds
D46: Champiñón | E46: 10 | F46: uds
D47: Tomate seco | E47: 4 | F47: uds
D48: Queso curado de oveja | E48: 125 | F48: g
D49: Salsa de tomate | E49: 200 | F49: mL
D50: Aceite de oliva | E50: 1 | F50: uds
D51: Sal | E51: 1 | F51: uds
D52: Tomillo seco | E52: 1 | F52: cuch
D53: Perejil | E53: 1 | F53: uds
... D59: Sal | E59: 1 | F59: uds
A60: Fettuccini alfredo con salmón | B60: 382 | C60: Para preparar la salsa Alfredo, trocea la mantequilla y ponla a fundir (a fuego lento) en una cazuela. Pela los ajos, pícalos finamente y agrégalos a la cazuela. Vierte encima la nata y deja que reduzca a fuego suave durante 5-6 minutos. Incorpora poco a poco el queso y mezcla suavemente. Mantén (a fuego suave) la salsa caliente. Calienta abundante agua en una cazuela. Cuando empiece a hervir, sazónala y agrega los fettuccini. Cuécelos durante el tiempo que indique el paquete (unos 8 minutos). Corta el salmón en trocitos, salpimiéntalo y saltéalo brevemente (2-3 minutos) a fuego fuerte en una sartén con 2 cucharadas de aceite. Escurre la pasta (reserva un poco del agua de la cocción), ponla de nuevo en la cazuela, vierte encima la salsa Alfredo y mezcla bien. Reparte la pasta en 4 platos y coloca encima unos trozos de salmón. Espolvorea los platos con un poco de perejil picado y adórnalos con unas hojas de perejil. | D60: Fettuccini | E60: 400 | F60: g
D61: Salmón | E61: 500 | F61: g
D62: Diente de ajo | E62: 3 | F62: uds
D63: Nata líquida | E63: 200 | F63: mL
D64: Queso parmesano | E64: 160 | F64: g
D65: Mantequilla | E65: 125 | F65: g
D66: Aceite de oliva | E66: 1 | F66: uds
D67: Perejil | E67: 1 | F67: uds
D68: Pimienta | E68: 1 | F68: uds
D69: Sal | E69: 1 | F69: uds
A70: Rigatoni con setas y pollo | B70: 386 | C70: Calienta una sartén con 4 cucharadas de aceite. Pela 1 diente de ajo, pícalo y añádelo. Corta la pechuga de pollo en dados, salpimiéntalos, incorpóralos a la sartén y saltéalos durante 3-5 minutos. Retíralo a un plato y resérvalo. Pela y pica el otro diente de ajo y agrégalo a la sartén. Incorpora las setas, sazónalas y saltéalas durante 3-5 minutos. Retíralas al plato junto con el pollo. Lava los tomates, córtalos por la mitad y rállalos. Añade 2 cucharadas de aceite a la sartén donde has salteado el pollo y las setas, vierte encima el vino y dale un hervor. Agrega el orégano y el tomate (rallado), sazona y cocina durante 12-13 minutos. Calienta abundante agua en una cazuela y sazónala. Cuando el agua empiece a hervir, agrega los rigatoni y cuécelos durante un poco menos de tiempo del que indique el paquete (deben quedar muy al dente). Retira los rigatoni de la cazuela e introdúcelos en la sartén donde está la salsa de tomate. Incorpora el pollo y las setas, remueve y cocina todo junto durante 3-4 minutos. Añade un poco de perejil picado y sirve. Espolvorea los platos con un poco de queso rallado y adórnalos con unas hojas de perejil. | D70: Rigatoni | E70: 320 | F70: g
D71: Setas | E71: 400 | F71: g
D72: Pechuga de pollo | E72: 0.5 | F72: uds
D73: Diente de ajo | E73: 2 | F73: uds
D74: Tomate maduro | E74: 3 | F74: uds
D75: Vino blanco | E75: 50 | F75: mL
D76: Queso rallado | E76: 60 | F76: g
D77: Aceite de oliva | E77: 1 | F77: uds
D78: Orégano | E78: 1 | F78: uds
D79: Perejil | E79: 1 | F79: uds
D80: Pimienta | E80: 1 | F80: uds
D81: Sal | E81: 1 | F81: uds
A82: Pastel de macarrones y pollo | B82: 387 | C82: Pon abundante agua a calentar en una cazuela grande. Cuando empiece a hervir, agrega los macarrones, sazónalos y cuécelos durante 2 minutos menos de lo que indique el paquete. Retíralos, escúrrelos y resérvalos. Calienta 3 cucharadas de aceite en una sartén grande. Pela la cebolla, córtala en daditos e introdúcela en la sartén. Retira el tallo y las semillas del pimiento, córtalo de la misma manera y agrégalo. Sazona y cocina las hortalizas a fuego suave durante 10 minutos. Retira la piel de los muslos de pollo, córtalos en dados, salpimiéntalos, incorpóralos a la sartén y cocínalos durante 4-5 minutos. Vierte encima la salsa de tomate. Pica las hojas de albahaca, agrégalas y cocina todo a fuego moderado durante 3-4 minutos. Calienta 2 cucharadas de aceite en una sartén grande, añade los macarrones y un poco de perejil picado y saltéalos durante 3-4 minutos. Cubre un molde redondo de fondo desmontable con un trozo grande de papel de hornear y rellénalo con los macarrones. Bate 4 huevos en un bol grande, agrega la nata y el yogur y bate de nuevo hasta que los ingredientes queden bien integrados. Vierte la crema sobre los macarrones y extiende la carne encima. Espolvorea la superficie del pastel con el queso rallado y hornéalo a 180 ºC durante unos 35 minutos. Retíralo del horno, deja que se temple y desmóldalo. Córtalo en porciones y sirve. Adorna los platos con unas hojas de perejil. | D82: Macarrones | E82: 250 | F82: g
D83: Muslo de pollo deshuesado | E83: 2 | F83: uds
D84: Cebolla | E84: 1 | F84: uds
D85: Pimiento verde | E85: 1 | F85: uds
D86: Salsa de tomate | E86: 250 | F86: mL
D87: Huevo | E87: 4 | F87: uds
D88: Nata líquida | E88: 200 | F88: mL
D89: Yogur natural | E89: 1 | F89: uds
D90: Queso rallado | E90: 100 | F90: g
D91: Aceite de oliva | E91: 1 | F91: uds
D92: Albahaca | E92: 10 | F92: uds
D93: Perejil | E93: 1 | F93: uds
D94: Pimienta | E94: 1 | F94: uds
D95: Sal | E95: 1 | F95: uds
A96: Fideos a la cazuela con costilla | B96: 389 | C96: Pon 1.500 ml de agua en una olla rápida, introduce en ella la costilla, sazona, cierra la olla y cuécela durante 5 minutos. Retírala, separa la carne de los huesos, pícala un poco y resérvala. Cuela y reserva por separado el caldo de la cocción. Pela los ajos y las cebollas, córtalos en daditos y ponlos a rehogar en una tartera (cazuela amplia y baja) con 4 cucharadas de aceite. Cuando las hortalizas estén doradas (10-15 minutos), añade la carne de la costilla y dórala un poco (3-4 minutos). Corta los tomates por la mitad, rállalos, agrégalos a la tartera y cocínalos durante 8-10 minutos. Incorpora el paté, el pimentón y la canela y mezcla bien. Añade los fideos y 400 ml del caldo reservado, sazónalos y cocínalos durante el tiempo que indique el paquete (11-13 minutos). Durante la cocción, a medida que se vayan secando, agrega otro poco de caldo (unos 200 ml). Espolvorea los fideos con un poco de perejil picado y sirve. Adorna los platos con unas hojas de perejil. | D96: Fiedos | E96: 400 | F96: g
D97: Costilla de cerdo | E97: 600 | F97: g
D98: Diente de ajo | E98: 3 | F98: uds
D99: Cebolla | E99: 2 | F99: uds
D100: Tomate | E100: 3 | F100: uds
D101: Paté | E101: 40 | F101: g
D102: Aceite de oliva | E102: 1 | F102: uds
D103: Perejil | E103: 1 | F103: uds
D104: Pimentón | E104: 0.5 | F104: cuch
D105: Canela | E105: 0.5 | F105: cuch
D106: Sal | E106: 1 | F106: uds
A107: Tallarines con panceta y queso | B107: 390 | C107: Pon agua a calentar en una cazuela y sazónala. Agrega los guisantes y cuécelos durante 10-12 minutos. Escúrrelos y resérvalos. Pela 1 diente de ajo, pícalo finamente y ponlo a rehogar en una cazuela con 3 cucharadas de aceite. Corta la cebolleta en daditos y agrégala. Rehoga todo durante 8-10 minutos a fuego suave. Incorpora la salsa de tomate y los guisantes escurridos. Sazona y cocina la salsa durante 6-8 minutos. Calienta 2-3 cucharadas de aceite en una sartén. Pela los otros 2 dientes de ajo, córtalos en láminas y añádelos. Dóralos un poco, retíralos a un plato y resérvalos. Corta la panceta en dados, sazónala, incorpórala a la sartén y dórala bien. Retírala y ponla a escurrir sobre un colador. Reserva la sartén para saltear los tallarines. Ralla el queso y resérvalo. Calienta abundante agua en una cazuela grande. Cuando empiece a hervir, sazónala e incorpora los tallarines. Cuécelos durante el tiempo que indique el paquete (unos 2-3 minutos). Incorpora (en dos tandas) los tallarines a la sartén donde has dorado la panceta, añade una pizca de orégano (fresco o seco) y saltéalos brevemente. Reparte la salsa de tomate con guisantes en el fondo de los platos y coloca encima de cada uno una porción de pasta salteada (haciendo un ovillo grande con la ayuda de un tenedor), unos dados de panceta, unas láminas de ajo y el queso rallado. Adórnalos con unas hojas de perejil. | D107: Tallarines | E107: 400 | F107: g
D108: Panceta | E108: 400 | F108: g
D109: Queso curado de oveja | E109: 100 | F109: g
D110: Guisantes | E110: 250 | F110: g
D111: Diente de ajo | E111: 3 | F111: uds
...

Sheet Carnes
A1: =Sopas!A1 -> Plato | B1: Página | C1: Elaboración | D1: =Sopas!D1 -> Ingredientes | E1: =Sopas!E1 -> Cantidades | F1: =Sopas!F1 -> Unidades
A2: Albóndigas con tomate y puré de patata | B2: 400 | C2: Trocea la miga de pan y ponla en un bol grande. Vierte encima el vino y espera a que la miga quede bien empapada. Escúrrela sobre un colador y resérvala. Calienta agua en una cazuela y sazónala. Pela las patatas, trocéalas, introdúcelas en la cazuela y cuécelas durante 15-20 minutos. Escúrrelas y pásalas por el pasapurés (o aplástalas con un machacador de patatas) sobre un bol. Agrega la leche (caliente) poco a poco y mezcla suavemente. Salpimienta, añade un poco de perejil picado y vuelve a mezclar. Reserva el puré. Pon la carne picada (ternera y cerdo) en un bol. Pela 2 dientes de ajo, pícalos finamente (en daditos) y agrégalos junto con la yema y 1 cucharadita de perejil picado. Salpimienta y mezcla. Incorpora la miga de pan (escurrida) y sigue mezclando hasta que los ingredientes queden bien integrados. Forma bolitas, pásalas por harina y fríelas en una sartén con aceite. Pon a calentar el sofrito de tomate y cebolla en una cazuela baja, introduce en ella las albóndigas y cocínalas durante 5-6 minutos. Si ves que la salsa queda muy espesa, puedes aligerarla agregándole un poco de agua. Cubre el fondo de los platos con el puré de patata y sirve las albóndigas encima. Decóralos con unas hojas de perejil. | D2: Carne picada mixto | E2: 700 | F2: g
D3: Sofrito de tomate y cebolla | E3: 700 | F3: g
D4: Patata | E4: 4 | F4: uds
D5: Miga de pan | E5: 50 | F5: g
D6: Vino blanco | E6: 150 | F6: mL
D7: Leche | E7: 125 | F7: mL
D8: Diente de ajo | E8: 2 | F8: uds
D9: Yema de huevo | E9: 1 | F9: uds
D10: Harina | E10: 1 | F10: uds
D11: Aceite de oliva | E11: 1 | F11: uds
D12: Perejil | E12: 1 | F12: uds
D13: Pimienta | E13: 1 | F13: uds
D14: Sal | E14: 1 | F14: uds
A15: Albóndigas en salsa de almendras | B15: 402 | C15: Trocea la miga de pan y ponla en un bol. Vierte la leche y espera a que se empape bien. Pon las carnes (ternera y cerdo) en un bol y mézclalas. Pela 3 dientes de ajo, pícalos finamente y agrégalos. Añade también las yemas de huevo, 1 cucharada de perejil picado, el zumo de medio limón, la miga de pan escurrida, sal y pimienta (al gusto). Mezcla bien. Forma bolitas, pásalas por harina y fríelas en una sartén con 150 ml de aceite. Retíralas y resérvalas en una fuente. Cuela el aceite resultante de freír las albóndigas, pásalo a otra sartén, agrega las almendras, tuéstalas hasta que se doren y resérvalas en un plato. Pela la cebolla, córtala en dados, incorpórala a la sartén y rehógala durante 8-10 minutos. Lava los tomates, córtalos por la mitad y rállalos. Añade a la sartén la pulpa de los tomates, 1 cucharadita de azúcar, el comino, la pimienta y la hoja de laurel. Cocina los ingredientes durante 8-10 minutos. Incorpora las almendras y el vino blanco. Sazona y cocina todo durante 15 minutos a fuego suave. Retira la hoja de laurel y tritura los ingredientes en un vaso americano. Coloca las albóndigas en la sartén, vierte encima la salsa (si queda muy espesa, puedes aligerarla agregando un poco de agua caliente) y cocínalas durante 6-8 minutos. | D15: Carne picada mixto | E15: 700 | F15: g
D16: Miga de pan | E16: 100 | F16: g
D17: Leche | E17: 200 | F17: mL
D18: Diente de ajo | E18: 3 | F18: uds
D19: Yema de huevo | E19: 2 | F19: uds
D20: Limón | E20: 0.5 | F20: uds
D21: Harina | E21: 1 | F21: uds
D22: Aceite de oliva | E22: 1 | F22: uds
D23: Perejil | E23: 1 | F23: uds
D24: Pimienta | E24: 1 | F24: uds
D25: Sal | E25: 1 | F25: uds
D26: Almendra | E26: 150 | F26: g
D27: Cebolla | E27: 1 | F27: uds
... D35: Sal | E35: 1 | F35: uds
A36: Aleta rellena de pimientos y tortilla | B36: 404 | C36: Bate en un bol los huevos con una pizca de sal. Calienta una sartén con 1 cucharadita de aceite, vierte en ella los huevos y cuájalos por los dos lados hasta conseguir una tortilla fina. Retírala a un plato y resérvala. Extiende la aleta (abierta) sobre la tabla, salpimiéntala y coloca encima la tortilla y los pimientos (abiertos por la mitad). Sazona los pimientos, enrolla la aleta y átala con cuerda de cocina. Sazónala por fuera y dórala en una sartén con un chorrito de aceite durante 3-4 minutos. Pasa la aleta a una fuente apta para el horno. Pela los ajos, la cebolla y las zanahorias y córtalos en dados. Saltea las hortalizas durante 2 minutos en la misma sartén donde has dorado la carne. Agrega el vino y dale un hervor. Incorpora las hortalizas a la fuente con la aleta y hornea a 190-200 ºC durante 35-40 minutos. Retira la carne, deja que se temple, filetéala y resérvala. Pasa las hortalizas a un vaso batidor y tritúralas con una batidora eléctrica. Reserva la salsa. Limpia las coles de Bruselas (retirándoles las hojas exteriores) y córtalas por la mitad. Calienta una sartén con 3-4 cucharadas de aceite, añade las coles de Bruselas, sazónalas y cocínalas a fuego suave-medio durante 6-8 minutos. Sirve en cada plato 2 filetes de aleta, 4 coles de Bruselas (8 mitades) y un poco de salsa. Decora los platos con unas hojas de perejil. | D36: Aleta de ternera | E36: 1 | F36: uds
D37: Pimientos del piquillo | E37: 6 | F37: uds
D38: Huevo | E38: 3 | F38: uds
D39: Diente de ajo | E39: 2 | F39: uds
D40: Cebolla | E40: 1 | F40: uds
D41: Zanahoria | E41: 2 | F41: uds
D42: Coles de bruselas | E42: 24 | F42: uds
D43: Vino blanco | E43: 150 | F43: mL
D44: Aceite de oliva | E44: 1 | F44: uds
D45: Perejil | E45: 1 | F45: uds
D46: Pimienta | E46: 1 | F46: uds
D47: Sal | E47: 1 | F47: uds
A48: Brochetas de pollo con salsa teriyaki | B48: 410 | C48: Para preparar la salsa teriyaki, pon en un cazo la salsa de soja, el azúcar, el sake, el mirin, la harina de maíz diluida en un poco de agua fría, el jengibre y los tallos de cebolleta (cortados en rodajas). Calienta los ingredientes a fuego suave durante 5 minutos (hasta que espese). Cuela la salsa sobre un bol y resérvala. Pon la carne picada de pollo en un bol. Retira la parte inferior, la superior y 2-3 hojas del puerro, enjuágalo, pícalo finamente y agrégalo al bol. Pela el jengibre, rállalo e incorpóralo. Añade el huevo y el pan rallado. Salpimienta y mezcla bien hasta conseguir una masa homogénea. Tapa el bol con film transparente y déjalo reposar en el frigorífico durante 1 hora. Coge una porción de carne, redondéala y después dale forma alargada (tipo croqueta larga). Insértale un palillo de brocheta en el centro (como si fuera un polo) y resérvala. Repite el proceso con el resto de la carne hasta conseguir 12 brochetas. Rocíalas con un poco de aceite y cocínalas a la plancha. Limpia la escarola, sécala, trocéala y ponla en un bol. Alíñala con aceite, vinagre y sal. Sirve las brochetas de pollo, rocíalas con la salsa teriyaki y acompáñalas con un poco de ensalada. Adorna los platos con unas hojas de perejil. | D48: Pechuga de pollo | E48: 700 | F48: g
D49: Puerro | E49: 1 | F49: uds
D50: Jengibre | E50: 20 | F50: g
D51: Huevo | E51: 1 | F51: uds
D52: Pan rallado | E52: 100 | F52: g
D53: Escarola | E53: 1 | F53: uds
D54: Aceite de oliva | E54: 1 | F54: uds
D55: Vinagre | E55: 1 | F55: uds
D56: Perejil | E56: 1 | F56: uds
D57: Pimienta | E57: 1 | F57: uds
D58: Sal | E58: 1 | F58: uds
D59: Salsa de soja | E59: 35 | F59: mL
D60: Azúcar moreno | E60: 25 | F60: g
... D65: Cebolleta | E65: 2 | F65: uds
A66: Carrilleras de ternera con pastel de patata | B66: 424 | C66: Para hacer el pastel, pela las patatas, córtalas en rodajas bien finas (para que te queden todas iguales, puedes cortarlas con una mandolina), y corta las lonchas de panceta por la mitad. Unta la base de un molde (apto para el horno) con mantequilla, coloca encima una capa de patatas, sazónalas con una pizca de sal, úntalas con otro poco de mantequilla, espolvoréalas con un poco de queso rallado, pon encima otra capa de patatas, sazónalas con otra pizca de sal, úntalas con mantequilla, agrega otro poco de queso y finalmente extiende encima las lonchas de panceta. Termina de montar el pastel alternando capas de patata, mantequilla y queso hasta acabar con todos los ingredientes. Hornea el pastel a 180 ºC durante 40 minutos. Retíralo del horno y escúrrele el exceso de grasa. Retira la membrana que cubre las carrilleras y salpimiéntalas. Calienta 3-4 cucharadas de aceite en una olla rápida, introduce en ella las carrilleras y dóralas bien por los dos lados. Retíralas y resérvalas en un plato. Pela los dientes de ajo, la cebolla y la zanahoria. Corta todo en dados y añádelos a la olla. Rehoga las hortalizas durante 10-12 minutos. Introduce de nuevo las carrilleras en la olla y agrega los vinos (tinto y oporto), el tomillo, el laurel y 200 ml de agua. Pon a punto de sal, tapa la olla y cocina las carrilleras durante 40 minutos. Retira las carrilleras, tritura la salsa (si queda muy fina, dale un hervor y lígala agregando un poco de harina de maíz diluida en agua fría) y añade un poco de perejil picado. Filetea las carrilleras, sirve 3-4 filetes en cada plato y salséalas. Corta el pastel de patata en 4 porciones y coloca una en cada plato. Adorna los platos con unas hojas de perejil. | D66: Carrilleras de ternera | E66: 2 | F66: uds
D67: Diente de ajo | E67: 2 | F67: uds
D68: Cebolla | E68: 1 | F68: uds
D69: Zanahoria | E69: 1 | F69: uds
D70: Vino tinto | E70: 200 | F70: mL
D71: Vino de oporto | E71: 200 | F71: mL
D72: Aceite de oliva | E72: 1 | F72: uds
D73: Harina de maíz | E73: 1 | F73: cuch
D74: Tomillo | E74: 2 | F74: uds
D75: Laurel | E75: 1 | F75: uds
D76: Perejil | E76: 1 | F76: uds
D77: Pimienta | E77: 1 | F77: uds
D78: Sal | E78: 1 | F78: uds
... D82: Queso rallado | E82: 100 | F82: g
A83: Crepes de pavo, puerro y queso | B83: 436 | C83: Cuece la pechuga de pavo en una cazuela con agua y una pizca de sal durante 15-20 minutos. Una vez cocida, retírala a un plato, deja que se temple, deshiláchala y resérvala. Pela las zanahorias y córtalas en rodajas finas. Cuécelas durante 8-10 minutos en una cazuela con agua hirviendo sazonada con una pizca de sal. Pásalas a un vaso batidor, agrega la nata y tritúralas con una batidora eléctrica (si ves que queda demasiado espeso, añade un poco del agua de cocción de las zanahorias hasta que adquiera la consistencia de una crema). Reserva la crema. Para hacer la masa de los crepes, casca los huevos, ponlos en un vaso batidor y añade la leche, la harina, una pizca de sal y el aceite. Tritura los ingredientes con una batidora eléctrica hasta conseguir una masa homogénea. Calienta una sartén con 1 cucharadita de aceite y espárcelo bien. Vierte en ella un poco de masa, extiéndela por toda la base de la sartén y espera a que cuaje un poco; dale la vuelta y cocínalo un poco (si queda muy grasiento, deséchalo). Repite el proceso hasta terminar con toda la masa. Limpia los puerros, retirándoles la parte inferior, la superior y la primera capa, enjuágalos, córtalos en trozos de unos 5-6 centímetros y después en juliana fina. Pela los dientes de ajo, pícalos finamente y rehógalos en una sartén con 3 cucharadas de aceite. Añade los puerros, sazónalos y cocínalos a fuego suave-medio durante 6-8 minutos. Ralla el queso y resérvalo. Rellena los crepes con los puerros, el pavo y el queso y enróllalos. Sirve un poco de crema de zanahoria y 2 crepes en cada plato. Decora los platos con unas hojas de perejil. | D83: Pechuga de pavo | E83: 300 | F83: g
D84: Puerro | E84: 2 | F84: uds
D85: Queso curado de oveja | E85: 100 | F85: g
D86: Zanahoria | E86: 4 | F86: uds
D87: Nata líquida | E87: 50 | F87: mL
D88: Diente de ajo | E88: 2 | F88: uds
D89: Aceite de oliva | E89: 1 | F89: uds
D90: Perejil | E90: 1 | F90: uds
D91: Sal | E91: 1 | F91: uds
D92: Huevo | E92: 2 | F92: uds
D93: Leche | E93: 165 | F93: mL
D94: Harina | E94: 75 | F94: g
D95: Aceite de oliva | E95: 1 | F95: cuch
D96: Sal | E96: 1 | F96: uds
A97: Guiso de pollo y costillas con patatas y tortilla de arroz | B97: 444 | C97: Calienta 4 cucharadas de aceite en una cazuela grande. Sazona el pollo y la costilla, añádelos y rehógalos un poco hasta que se doren. Ralla la cebolla y agrégala. Remueve los ingredientes y sigue rehogando a fuego suave durante 5 minutos. Lava el tomate, córtalo por la mitad, rállalo e incorpóralo. Pela el pimiento rojo y córtalo en tiras. Pela las zanahorias y córtalas en rodajas. Lava las judías, retírales las puntas y córtalas por la mitad. Incorpora las hortalizas al guiso. Pela las patatas, trocéalas (cascándolas) y agrégalas a la cazuela. Añade el pimentón, el azafrán y el laurel, sazona y cubre todo con agua (1.500-2.000 ml). Casca los huevos, ponlos en un bol y bátelos. Agrega el arroz y una pizca de sal y mezcla bien. Calienta un chorrito de aceite en una sartén, agrega los huevos batidos con arroz y cuaja la tortilla por los dos lados. Coloca la tortilla encima del guiso, tapa la cazuela y cocina conjuntamente durante unos 35 minutos. Sirve y decora los platos con unas hojas de perejil. | D97: Pollo | E97: 350 | F97: g
D98: Costilla de cerdo | E98: 400 | F98: g
D99: Patata | E99: 7 | F99: uds
D100: Cebolla | E100: 0.5 | F100: uds
D101: Tomate | E101: 1 | F101: uds
D102: Pimiento rojo | E102: 0.5 | F102: uds
D103: Zanahoria | E103: 2 | F103: uds
D104: Judías verdes | E104: 12 | F104: uds
D105: Aceite de oliva | E105: 1 | F105: uds
D106: Laurel | E106: 1 | F106: uds
D107: Perejil | E107: 1 | F107: uds
D108: Pimentón dulce | E108: 1 | F108: cuch
D109: Azafrán | E109: 10 | F109: uds
... D114: Sal | E114: 1 | F114: uds
A115: Guiso de jarretes de cordero con arroz | B115: 452 | C115: Pela 2 dientes de ajo, aplástalos con la hoja del cuchillo, pícalos un poco y ponlos en un mortero. Pica el romero y el tomillo y agrégalos. Sazona y maja todo. Agrega 5-6 cucharadas de aceite y mezcla bien. Sazona los jarretes y colócalos en una fuente. Viérteles encima el majado, úntalos bien y déjalos reposar por lo menos durante 30 minutos (mejor si los dejas macerando desde la víspera). Calienta 3 cucharadas de aceite en una olla rápida. Pela las cebollas, córtalas en dados e introdúcelas en la olla. Pela las zanahorias, córtalas en cuartos de luna e incorpóralas. Lava los champiñones, córtalos en cuartos y añádelos. Sazona y cocina las hortalizas durante unos 15 minutos. Retira los jarretes del majado (resérvalo) y dóralos bien en una sartén grande con 2 cucharadas de aceite. Introduce los jarretes en la olla y añade el majado, el tomate concentrado, el vino y el caldo. Pon a punto de sal, cierra la olla y cocínalos durante 30-35 minutos. Retira los jarretes de la olla y tritura las hortalizas con una batidora eléctrica. Pasa la salsa a una tartera (cazuela amplia y baja) e introduce en ella los jarretes. Calienta una cazuela con 1 cucharada de aceite. Aplasta los otros 2 dientes de ajo (con piel) con la hoja del cuchillo y agrégalos. Incorpora el arroz y el agua (la misma cantidad que de arroz), sazona, tapa la cazuela y cocínalo a fuego medio durante 10 minutos. Sirve en cada plato un jarrete, salséalo y acompáñalo con una porción de arroz. Adorna los platos con unas hojas de perejil. | D115: Jarrete de cordero | E115: 4 | F115: uds
D116: Arroz largo | E116: 200 | F116: g
D117: Diente de ajo | E117: 4 | F117: uds
D118: Cebolla | E118: 2 | F118: uds
...

Sheet Pescados
A1: =Sopas!A1 -> Plato | B1: Página | C1: Elaboración | D1: =Sopas!D1 -> Ingredientes | E1: =Sopas!E1 -> Cantidades | F1: =Sopas!F1 -> Unidades
A2: Bacalao a la riojana con guindillas fritas | B2: 529 | C2: Pela los ajos, córtalos en láminas y rehógalos en una sartén con 4-5 cucharadas de aceite. Pela las cebollas, córtalas en dados grandes y agrégalos. Pela los pimientos, retírales el tallo y las semillas, córtalos en dados grandes y añádelos a la sartén. Sazona y cocina las hortalizas durante unos 10 minutos. Lava los tomates, córtalos por la mitad, rállalos e incorpóralos a la sartén. Cocina todo durante 15-20 minutos. Corta cada lomo de bacalao en dos e introdúcelos en la sartén (primero dejando la parte de la piel hacia arriba). Cocínalos a fuego suave durante 5 minutos por cada lado. Fríe las guindillas en una sartén con aceite bien caliente. Retíralas a un plato y sazónalas. Sirve en cada plato un trozo de bacalao con su salsa y acompáñalos con las guindillas fritas. Decora los platos con unas hojas de perejil. | D2: Bacalao | E2: 800 | F2: g
D3: Guindillas | E3: 100 | F3: g
D4: Diente de ajo | E4: 4 | F4: uds
D5: Cebolla | E5: 2 | F5: uds
D6: Pimiento morrón | E6: 2 | F6: uds
D7: Tomate maduro | E7: 800 | F7: g
D8: Aceite de oliva | E8: 1 | F8: uds
D9: Perejil | E9: 1 | F9: uds
D10: Sal | E10: 1 | F10: uds
A11: Bacalao gratinado con mayonesa de ajo fresco | B11: 536 | C11: Mezcla en un bol 2 vasos de agua y el pimentón. Coloca las rebanadas de pan en una fuente honda, viérteles encima la mezcla de agua y pimentón y déjalas reposar hasta que hayan absorbido todo el líquido. Coloca cada rebanada entre dos platos y aplástalas hasta escurrirlas bien. Cubre una bandeja de horno con papel de hornear, extiende encima las rebanadas de pan, tápalas con otro trozo de papel de hornear y presiónalas colocándoles encima otra bandeja de horno. Hornéalas a 180º C durante 25-30 minutos. Retíralas y resérvalas. Pica 8 ajos frescos (reserva el resto) y cocínalos a fuego suave en una sartén con 4 cucharadas de aceite hasta que se ablanden (10 minutos aproximadamente), pásalos a un mortero y májalos bien hasta obtener una crema de ajo. Resérvala. Para preparar la mayonesa, casca el huevo, ponlo en un vaso batidor y agrega el vinagre, una pizca de sal y 250 ml de aceite. Introduce el brazo de la batidora hasta el fondo y empieza a batir sin mover el brazo. Cuando empiece a emulsionar, muévelo suavemente. Agrega la crema de ajo fresco con su aceite y sigue batiendo los ingredientes hasta conseguir una salsa homogénea. Reserva la mayonesa. Corta el bacalao en 8 trozos, aplástalos con un cuchillo (dándoles unos golpes), sazónalos, pásalos por la harina y fríelos brevemente (1 minuto por cada lado) en una sartén con 8 cucharadas de aceite caliente. Retíralos y colócalos en una bandeja de horno. Cubre cada trozo con un poco de mayonesa de ajo fresco y gratínalos durante 2-3 minutos (hasta que se doren). Limpia el resto de los ajetes, córtalos por la mitad y hazles dos cortes longitudinales sin llegar hasta el final (como se hace para limpiar los puerros). Mezcla la harina de tempura con agua bien fría (en la proporción que indique el paquete). Introduce los ajos en la mezcla y fríelos en una sartén con aceite bien caliente. Retíralos y escúrrelos sobre un plato cubierto con papel absorbente. Sirve en cada plato 2 trozos de bacalao, 4 ajos frescos en tempura y 1 rebanada de pan de pimentón. Adorna los platos con unas hojas de perejil. | D11: Bacalao | E11: 800 | F11: g
D12: Diente de ajo | E12: 24 | F12: uds
D13: Rebanada de pan | E13: 4 | F13: uds
D14: Huevo | E14: 1 | F14: uds
D15: Harina | E15: 1 | F15: uds
D16: Harina de tempura | E16: 175 | F16: g
D17: Aceite de oliva | E17: 1 | F17: uds
D18: Vinagre | E18: 1 | F18: cuch
D19: Perejil | E19: 1 | F19: uds
D20: Pimentón | E20: 1 | F20: cuch
D21: Sal | E21: 1 | F21: uds
A22: Brocheta de salmón con salsa de yogur | B22: 541 | C22: Pon a calentar suavemente el aceite en una sartén pequeña. Corta el tallo de la cebolleta en rodajas y añádelo. Pela el diente de ajo y agrégalo. Añade el tomillo, el eneldo y los granos de pimienta. Cocina los ingredientes a fuego muy suave durante 10-12 minutos. Retira la sartén del fuego y deja templar. Cuela el aceite sobre un recipiente grande rectangular. Limpia el salmón, córtalo en 16 dados grandes y pínchalos, de 4 en 4, en 4 palillos de brocheta. Introduce las brochetas en el recipiente y úntalas bien en el aceite. Déjalas macerando por lo menos durante 1 hora (mejor si se dejan desde la víspera). Para preparar la salsa de yogur, pela la chalota, córtala en daditos y ponla en un bol. Añade la mayonesa, el yogur, unas gotas de zumo de limón, una pizca de sal y la mitad de las hojas de cebollino finamente picadas. Calienta una plancha, coloca en ella las brochetas de salmón y cocínalas durante 1-2 minutos por cada lado (según os guste el punto). Retíralas y salpimiéntalas. Sirve una brocheta por ración y acompáñalas con la salsa de yogur. Pica el resto de las hojas de cebollino y espolvorea con ellas la salsa. Decora los platos con unas hojas de perejil. | D22: Salmón | E22: 800 | F22: g
D23: Cebolleta | E23: 1 | F23: uds
D24: Diente de ajo | E24: 1 | F24: uds
D25: Aceite de oliva | E25: 175 | F25: mL
D26: Tomillo | E26: 2 | F26: uds
D27: Eneldo | E27: 6 | F27: uds
D28: Perejil | E28: 1 | F28: uds
D29: Pimienta | E29: 1 | F29: uds
D30: Sal | E30: 1 | F30: uds
D31: Yogur natural | E31: 1 | F31: uds
D32: Chalota | E32: 1 | F32: uds
D33: Mayonesa | E33: 1 | F33: cuch
D34: Limón | E34: 0.5 | F34: uds
... D36: Sal | E36: 1 | F36: uds
A37: Bacalao fresco con cuscús | B37: 548 | C37: Pon las espinas del bacalao, los tallos del hinojo y unas ramas de perejil en una cazuela con 500 ml de agua. Sazona y cuece todo durante 10 minutos. Cuela el caldo y resérvalo. Pela la cebolleta y la zanahoria, córtalas en dados y ponlas a rehogar en una cazuela con 3 cucharadas de aceite. Corta el hinojo de la misma manera y agrégalo. Sazona y rehoga las hortalizas durante unos 10-12 minutos. Incorpora el cuscús y agrega la misma cantidad de caldo (reserva el resto) que de cuscús. Tapa la cazuela, retírala del fuego y deja que el cuscús absorba el líquido. Añade un poco de perejil picado. Pon el resto del caldo en una cazuela. Salpimienta los lomos de bacalao, colócalos en una vaporera y ponla sobre la cazuela. Tápala y cocina el pescado durante 6-8 minutos. Con ayuda de un molde, reparte el cuscús en 4 platos, coloca encima los trozos de bacalao y aderézalos con un chorrito de aceite. Decora los platos con unas hojitas de hinojo. | D37: Bacalao | E37: 800 | F37: g
D38: Cuscús precocido | E38: 120 | F38: g
D39: Hinojo | E39: 0.25 | F39: uds
D40: Cebolleta | E40: 1 | F40: uds
D41: Zanahoria | E41: 1 | F41: uds
D42: Aceite de oliva | E42: 1 | F42: uds
D43: Perejil | E43: 1 | F43: uds
D44: Pimienta | E44: 1 | F44: uds
D45: Sal | E45: 1 | F45: uds
A46: Hamburguesa de salmón | B46: 550 | C46: Corta la cebolleta en aros, enharínalos y fríelos en una sartén con bastante aceite caliente (150 ml). Retíralos, escúrrelos sobre un plato cubierto con papel absorbente y resérvalos. Pica finamente el salmón fresco, el salmón ahumado y los pepinillos y ponlos en un bol. Sazona y mezcla bien. Forma 4 hamburguesas y resérvalas. Calienta una sartén con 1 cucharada de aceite, coloca en ella las hamburguesas y cocínalas durante 2-3 minutos por cada lado. Salpica las hamburguesas con unas gotas de zumo de limón y retíralas a una fuente. Abre los bollos de pan y tuéstalos en una sartén por la parte interior. Úntalos con la mayonesa y rellénalos con las hojas de lechuga, las rodajas de tomate y las hamburguesas. Sirve una hamburguesa y unos aros de cebolla en cada plato. Adórnalos con unas hojas de perejil. | D46: Salmón | E46: 400 | F46: g
D47: Salmón ahumado | E47: 50 | F47: g
D48: Pan hamburguesa | E48: 4 | F48: uds
D49: Cebolleta | E49: 1 | F49: uds
D50: Harina | E50: 1 | F50: uds
D51: Pepinillos | E51: 3 | F51: uds
D52: Limón | E52: 0.5 | F52: uds
D53: Mayonesa | E53: 125 | F53: g
D54: Hojas de lechuga | E54: 4 | F54: uds
D55: Rodajas de tomate | E55: 4 | F55: uds
D56: Aceite de oliva | E56: 1 | F56: uds
D57: Perejil | E57: 1 | F57: uds
D58: Sal | E58: 1 | F58: uds
A59: Gulas al ajillo con huevo flor | B59: 556 | C59: Corta 1 trozo grande de film transparente, extiéndelo sobre un bol pequeño y vierte dentro unas gotas de aceite. Casca un huevo encima, sazónalo y espolvoréalo con un poco de perejil picado. Enrosca el film alrededor del huevo y ciérralo atándolo con un trozo de cuerda de cocina. Repite el proceso con el resto de los huevos y resérvalos. Calienta agua en una cazuela. Cuando empiece a hervir, baja el fuego, introduce en ella los huevos y cuécelos durante 3-4 minutos. Retíralos a un plato y, en el momento de servir, corta y retira el film. Calienta 4 cucharadas de aceite en una sartén. Pela los dientes de ajo, córtalos en láminas y añádelos a la sartén. Añade también la guindilla y dora todo un poco. Retira los ajos y la guindilla a un plato y resérvalos. Introduce las gulas en la sartén y saltéalas brevemente (1-2 minutos). Reparte las gulas en 4 platos y pon 1 huevo flor y unas láminas de ajo en cada uno. Adorna los platos con unas hojas de perejil. | D59: Gulas | E59: 400 | F59: g
D60: Huevo | E60: 4 | F60: uds
D61: Diente de ajo | E61: 4 | F61: uds
D62: Aceite de oliva | E62: 1 | F62: uds
D63: Perejil | E63: 1 | F63: uds
D64: Cayena | E64: 1 | F64: uds
D65: Sal | E65: 1 | F65: uds
A66: Salmonete en costra de hojaldre con espárragos | B66: 558 | C66: Para preparar la salsa, calienta el aceite en un cazo. Pela las chalotas, córtalas en daditos, añádelas y sazónalas. Pica el eneldo finamente y agrégalo junto con el estragón. Incorpora el vermut y dale un hervor para que se evapore el alcohol. Añade la nata y cocina la salsa durante 5 minutos. Resérvala. Con un cuchillo afilado, saca los lomos de los salmonetes (retirándoles la cabeza y las espinas centrales), salpimiéntalos y júntalos de dos en dos. Extiende las láminas de hojaldre sobre la tabla, coloca 1 salmonete (2 lomos) sobre un lado del hojaldre y recórtalo de manera que quede un borde alrededor de unos 3 cm. Corta otro trozo de hojaldre (un poco más grande que el salmonete) y cubre con él el salmonete. Presiona los bordes del hojaldre (parte inferior y superior) de manera que queden pegados y córtalo dándole forma de pez con cola. Con la parte sin filo de la hoja de un cuchillo, márcale la forma de la cabeza y colócale 1 grano de pimienta a modo de ojo. Con una boquilla de manga pastelera, márcale las escamas. Coloca el salmonete sobre una bandeja de horno cubierta con papel de hornear. Repite el proceso con el resto de los salmonetes y el hojaldre. Bate el huevo en un bol y, con ayuda de un pincel, unta el hojaldre por la parte superior. Hornea los salmonetes a 200 ºC durante 20 minutos. Lava los espárragos, retírales la parte inferior y córtalos por la mitad. Calienta 2 cucharadas de aceite en una sartén, agrega los espárragos, sazónalos y saltéalos durante 4-5 minutos. Sirve en cada plato 2 salmonetes, una porción de espárragos y un poco de salsa. Adorna los platos con unas hojas de perejil. | D66: Salmonete | E66: 8 | F66: uds
D67: Láminas hojaldre | E67: 2 | F67: uds
D68: Espárragos verdes | E68: 12 | F68: uds
D69: Huevo | E69: 1 | F69: uds
D70: Aceite de oliva | E70: 1 | F70: uds
D71: Perejil | E71: 1 | F71: uds
D72: Pimienta | E72: 1 | F72: uds
D73: Sal | E73: 1 | F73: uds
D74: Chalota | E74: 3 | F74: uds
D75: Vermut blanco | E75: 120 | F75: mL
D76: Nata líquida | E76: 100 | F76: mL
D77: Aceite de oliva | E77: 2 | F77: cuch
D78: Eneldo | E78: 1 | F78: uds
... D80: Sal | E80: 1 | F80: uds
A81: Merluza a la sidra con patatas | B81: 562 | C81: Pela los dientes de ajo y la cebolla, córtalos en dados y rehógalos a fuego medio-suave en una cazuela con 3 cucharadas de aceite durante 4-5 minutos. Pela la manzana, pícala, agrégala, sazona y cocínala durante 4 minutos. Añade el pimentón, la salsa de tomate y la sidra y cocina todo a fuego suave-medio durante 15-20 minutos. Tritura los ingredientes con una batidora eléctrica hasta conseguir una salsa homogénea y resérvala. Pela las patatas, córtalas en rodajas de ½ centímetro y fríelas en una sartén con abundante aceite caliente hasta que estén tiernas y se doren un poco. Retíralas, escúrrelas y colócalas en el fondo de una tartera (cazuela amplia y baja). Agrega la salsa y cocina las patatas a fuego bajo durante 4-5 minutos. Salpimienta los trozos de merluza, pásalos por harina y fríelos brevemente (30 segundos por cada lado) en la misma sartén donde has frito las patatas. Retíralos, escúrrelos e introdúcelos en la tartera. Vierte encima el caldo de pescado (hasta conseguir la consistencia deseada) y cocina conjuntamente durante 2-3 minutos. Reparte la merluza con patatas en 4 platos y adórnalos con unas hojas de perejil. | D81: Merluza | E81: =8*75 -> 600 | F81: g
D82: Sidra | E82: 250 | F82: mL
D83: Patata | E83: 2 | F83: uds
D84: Diente de ajo | E84: 2 | F84: uds
D85: Cebolla roja | E85: 2 | F85: uds
D86: Manzana | E86: 1 | F86: uds
D87: Salsa de tomate | E87: 250 | F87: mL
D88: Harina | E88: 1 | F88: uds
D89: Caldo de pescado | E89: 150 | F89: mL
D90: Aceite de oliva | E90: 1 | F90: uds
D91: Perejil | E91: 1 | F91: uds
D92: Pimentón dulce | E92: 1 | F92: cuch
D93: Pimienta | E93: 1 | F93: uds
D94: Sal | E94: 1 | F94: uds
A95: Rape al vapor con crema de calabaza | B95: 574 | C95: Para la crema de calabaza, pon a calentar 250 ml de agua y la leche en una cazuela. Pela la patata, trocéala e incorpórala. Pela la calabaza, córtala en dados y añádela. Sazona y cuece los ingredientes durante 10-12 minutos. Tritura todo con una batidora eléctrica y reserva la crema. Calienta un poco de agua en una tartera (cazuela amplia y baja). Sazona y añade unas ramas de perejil. Corta los lomos de rape en 8 medallones, salpimiéntalos y colócalos en una vaporera cubierta con un trozo de papel de hornear. Tapa la vaporera y ponla en la tartera. Cocina el rape durante unos 6-8 minutos. Pela las alcachofas, retirándoles 2-3 capas, y recórtales la parte superior. Córtalas en 6-8 gajos. Calienta 2 cucharadas de aceite en una sartén, agrega las alcachofas, sazónalas y cocínalas durante 4-5 minutos. Para preparar la vinagreta, pica los pistachos finamente y ponlos en un bol. Añade el vinagre, el aceite y el perejil picado y mezcla bien. Sirve un poco de crema de calabaza en la base de los platos, pon encima de cada uno 2 medallones de rape, aderézalos con un poco de vinagreta y añade unos gajos de alcachofa. Espolvorea los platos con el pimentón y adórnalos con unas hojas de perejil. | D95: Rape | E95: 800 | F95: g
D96: Calabaza | E96: 200 | F96: g
D97: Leche | E97: 250 | F97: mL
D98: Patata | E98: 1 | F98: uds
D99: Alachofa | E99: 2 | F99: uds
D100: Aceite de oliva | E100: 1 | F100: uds
D101: Perejil | E101: 1 | F101: uds
D102: Pimienta | E102: 1 | F102: uds
...

Sheet Postres
A1: =Sopas!A1 -> Plato | B1: Página | C1: Elaboración | D1: =Sopas!D1 -> Ingredientes | E1: =Sopas!E1 -> Cantidades | F1: =Sopas!F1 -> Unidades
A2: Flan de chocolate con nata | B2: 618 | C2: Para hacer el caramelo, pon el azúcar a calentar en una sartén. Espera a que se funda y se tueste un poco. Viértelo en una flanera (con tapa) y extiéndelo (con cuidado de no quemarte) por el fondo y la parte inferior de las paredes de la flanera. Deja que se enfríe un poco. Casca los huevos, ponlos en un bol, agrega la leche condensada y bate bien con una varilla manual. Pon el cacao y la leche en un vaso batidor y tritúralos con una batidora eléctrica. Añade la leche con cacao al bol de los huevos con leche condensada y mezcla bien. Pasa la mezcla a la flanera y ponle la tapa. Vierte un poco de agua (2 dedos) en una olla rápida, introduce en ella la flanera y cocina el flan durante 4 minutos. Cuando baje la válvula, abre la olla, retira el flan y espera a que se temple. Desmóldalo y sirve. Decóralo con la nata montada, las frambuesas y las hojas de menta. | D2: Huevo | E2: 4 | F2: uds
D3: Leche condensada | E3: 4 | F3: cuch
D4: Cacao en polvo | E4: 50 | F4: g
D5: Leche | E5: 500 | F5: mL
D6: Azúcar | E6: 100 | F6: g
D7: Nata montada | E7: 150 | F7: g
D8: Frambuesas | E8: 15 | F8: uds
D9: Menta | E9: 1 | F9: uds
A10: Tarta de galletas y chocolate con macadamia | B10: 622 | C10: Extiende una tira de papel de hornear a lo largo de un molde rectangular (tipo bizcocho) de manera que sobresalga una pestaña por cada lado. Extiende las galletas en una fuente grande, vierte encima la leche, ralla sobre ellas un poco de la piel de la naranja y deja que se empapen bien. Pon la nata a calentar en un cazo. Agrega el chocolate troceado y mezcla suavemente hasta que se funda. Apaga el fuego, incorpora el queso y remueve hasta que quede integrado en la mezcla. Cubre la base del molde con parte de la crema de chocolate, nata y queso. Extiende encima 5 galletas, cúbrelas con otro poco de crema de chocolate y tápala con otra capa de galletas. Repite el proceso hasta acabar con todos los ingredientes (finaliza con 6 galletas). Tapa la tarta con film transparente, introdúcela en el frigorífico y déjala enfriando por lo menos durante 2 horas. Bordea la tarta con una puntilla y desmóldala. Decórala con las frambuesas y las nueces de macadamia ralladas. Adorna con unas hojas de menta y sirve. | D10: Galletas rectangulares | E10: 210 | F10: g
D11: Chocolate de cobertura | E11: 340 | F11: g
D12: Nueces de macadamia | E12: 30 | F12: g
D13: Naranja | E13: 1 | F13: uds
D14: Nata | E14: 200 | F14: mL
D15: Queso cremoso | E15: 200 | F15: g
D16: Frambuesas | E16: 16 | F16: uds
D17: Menta | E17: 1 | F17: uds
A18: Palmeritas de chocolate | B18: 628 | C18: Extiende el hojaldre sobre la encimera, espolvoréalo con un poco de azúcar y pásale el rodillo suavemente por encima. Dale la vuelta, espolvoréalo con otro poco de azúcar y vuelve a pasarle el rodillo. Enrolla el hojaldre por uno de los extremos (largos) hasta llegar al centro. Haz lo mismo con el otro extremo, hasta que los dos rollos se junten en el centro. Corta el hojaldre en rodajas de unos 2 cm, extiéndelas sobre una bandeja de horno cubierta con papel de hornear y hornéalas a 190 ºC durante 20 minutos. Retira las palmeritas y deja que se enfríen sobre una rejilla. Funde por separado los chocolates, bien en el microondas o al baño maría. Introduce un lado de las palmeritas en el chocolate negro, extiéndelas sobre una fuente grande y espera a que el chocolate se solidifique. Introduce el otro lado de las palmeritas en el chocolate blanco y espera a que se solidifique (para que el chocolate se enfríe antes, puedes introducir las palmeritas en el frigorífico). Sirve y adorna los platos con unas hojas de menta. | D18: Lámina hojaldre | E18: 1 | F18: uds
D19: Chocolate negro de cobertura | E19: 125 | F19: g
D20: Chocolate blanco de cobertura | E20: 125 | F20: g
D21: Azúcar | E21: 50 | F21: g
D22: Menta | E22: 1 | F22: uds
A23: Mousse de fresa | B23: 632 | C23: Lava las fresas, retírales el tallo, trocéalas, ponlas en el vaso batidor y tritúralas con una batidora eléctrica hasta conseguir un puré homogéneo. Resérvalo. Pon el queso en un bol grande y bátelo con una batidora de varillas eléctrica. Añade el azúcar (en tres veces) y bátelo. Incorpora la nata (en 3 veces) y bátela. Incorpora el puré de fresas (reserva un poco para decorar) poco a poco y bate la mezcla hasta que los ingredientes queden bien integrados. Tapa el bol con film transparente, introdúcelo en el frigorífico y deja que se enfríe. Sirve la mousse en 4 copas y decóralas con el puré de fresas reservado y unas hojas de menta. | D23: Fresas | E23: 500 | F23: g
D24: Queso mascarpone | E24: 100 | F24: g
D25: Azúcar glas | E25: 50 | F25: g
D26: Nata | E26: 150 | F26: mL
D27: Menta | E27: 1 | F27: uds
A28: Peras al vino con yogur | B28: 633 | C28: Pon a calentar en una cazuela 200 ml de agua, el vino, la rama de canela y el azúcar a fuego suave. Pela las peras, introdúcelas en la cazuela, tapa y cuécelas a fuego suave durante 25-30 minutos dándoles la vuelta de vez en cuando (cada 5 minutos aprox.). Retira las peras y resérvalas en un plato. Pon el vino a reducir (sin tapa) y cocínalo a fuego suave hasta que reduzca a la mitad. Para que espese un poco más, deja que se enfríe. Sirve medio yogur en el fondo de cada plato, coloca encima las peras y salséalas con la reducción de oporto. Adorna las peras con unas hojas de menta. | D28: Peras | E28: 4 | F28: uds
D29: Vino de oporto | E29: 400 | F29: mL
D30: Yogur natural | E30: 2 | F30: uds
D31: Azúcar | E31: 2 | F31: cuch
D32: Canela | E32: 1 | F32: uds
D33: Menta | E33: 1 | F33: uds
A34: Tarta de arándanos | B34: 634 | C34: Para hacer la pasta quebrada, mezcla la harina, la sal, la levadura y el azúcar en un bol grande. Incorpora la mantequilla y mezcla un poco. Agrega el huevo y mezcla otro poco. Pasa la masa a la encimera y amásala hasta que los ingredientes queden bien integrados. Divide la masa en dos porciones, envuélvelas con film transparente, introdúcelas en el frigorífico y déjalas enfriar durante 2 horas (como mínimo) para que endurezca. Retíralas del frigorífico y amásalas suavemente hasta que se ablanden un poco. Espolvorea la encimera con un poco de harina, coloca encima una de las porciones de masa, estírala bien con un rodillo y cubre con ella un molde de fondo desmontable de 23 cm de diámetro. Para el relleno, mezcla en un bol la harina de maíz con el azúcar y la canela. Incorpora los arándanos y vuelve a mezclar. Añade el zumo de limón y mezcla de nuevo. Pon el relleno sobre la base de la tarta y dobla los bordes sobrantes hacia el centro. Espolvorea la encimera con otro poco de harina, coloca sobre ella la otra porción de pasta quebrada y estírala bien. Corta tiras largas de 2 cm de grosor y colócalas sobre la tarta formando un enrejado (tiras entrecruzadas). Bate la yema de huevo y, con ayuda de un pincel de cocina, pinta el enrejado. Coloca la tarta sobre la rejilla del horno (pon debajo una placa por si soltara algo de líquido) y hornéala a 200 ºC durante 40 minutos. Retírala del horno, espera a que se enfríe y desmóldala. Pon el azúcar glas en un colador y espolvorea con él la tarta. Adórnala con unas hojas de menta. | D34: Harina | E34: 400 | F34: g
D35: Sal | E35: 5 | F35: g
D36: Levadura | E36: 8 | F36: g
D37: Azúcar | E37: 100 | F37: g
D38: Mantequilla | E38: 180 | F38: g
D39: Huevo | E39: 1 | F39: uds
D40: Arándanos | E40: 500 | F40: g
D41: Harina de maíz | E41: 30 | F41: g
D42: Azúcar | E42: 100 | F42: g
D43: Canela | E43: 0.5 | F43: cuch
D44: Zumo de limón | E44: 1 | F44: cuch
D45: Harina | E45: 30 | F45: g
D46: Yema de huevo | E46: 1 | F46: uds
... D48: Menta | E48: 1 | F48: uds
A49: Tarta de cerezas | B49: 636 | C49: Para preparar la masa, pon la harina, el azúcar, la levadura y la sal en un bol y mezcla suavemente. Trocea la mantequilla e incorpórala. Añade 1 huevo y amasa los ingredientes hasta que se unan. Pasa la masa a la encimera y sigue amasando hasta que los ingredientes queden bien integrados. Forma un cilindro con la pasta quebrada y envuélvela con film transparente. Deja que repose en el frigorífico por lo menos durante 2 horas (mejor si es de un día para otro). Lava las cerezas, deshuésalas y ponlas en un bol grande. Agrégales el azúcar, la esencia de vainilla y la ralladura de la lima y mezcla bien. Tapa el bol con film transparente e introdúcelo en el frigorífico. Deja que las cerezas reposen por lo menos durante 2 horas (mejor si es de un día para otro). Saca la pasta quebrada del frigorífico. Corta la cuarta parte de la masa y resérvala. Coloca el resto de la masa sobre la encimera y amásala un poco (lo justo para que se ablande un poco). Espolvorea la encimera con un poco de harina, pon encima la masa, espolvoréala con otro poco de harina y estírala con el rodillo. Cubre con ella un molde redondo de fondo desmontable, dejando que sobresalgan unos 2-3 cm de masa por todo el contorno. Rellena la tarta con las cerezas, espolvoréalas con la harina de maíz refinada y dobla los bordes de la masa sobre las cerezas. Bate el otro huevo en un bol y unta con él los bordes de masa. Estira el trozo de pasta quebrada reservado de la misma manera que has hecho con la base y córtalo en tiras de 1 ½ cm. Coloca las tiras de masa sobre las cerezas formando un enrejado y úntalas (con cuidado) con el huevo batido. Hornea la tarta a 200 ºC durante 35-40 minutos. Retírala, deja que se enfríe y desmóldala. Decórala con un poco de nata montada, unas cerezas y unas hojas de menta. | D49: Harina | E49: 450 | F49: g
D50: Azúcar | E50: 100 | F50: g
D51: Levadura | E51: 8 | F51: g
D52: Sal | E52: 2 | F52: g
D53: Mantequilla | E53: 180 | F53: g
D54: Huevo | E54: 2 | F54: uds
D55: Cerezas | E55: 1000 | F55: g
D56: Azúcar | E56: 200 | F56: g
D57: Esencia de vainilla | E57: 10 | F57: mL
D58: Ralladura de lima | E58: 1 | F58: uds
D59: Harina de maíz | E59: 30 | F59: g
A60: Tarta de chocolate del diablo | B60: 638 | C60: Calienta 160 ml de agua con el cacao en un cazo. Cuando empiece a hervir y el cacao se disuelva, retira el cazo del fuego y añade la leche y el extracto de vainilla. Pon la mantequilla y el azúcar en un bol y bátelos con una batidora de varillas eléctrica. Incorpora 1 huevo y bate hasta que quede bien integrado. Agrega el otro huevo y vuelve a batir hasta que se integre. Vierte en el bol la mezcla del cazo (agua, cacao, leche y vainilla) y remueve bien hasta conseguir una masa homogénea. Mezcla la harina, el bicarbonato, la levadura y una pizca de sal en otro bol, tamízala sobre el bol anterior y remueve los ingredientes con una varilla manual hasta conseguir una masa homogénea. Unta un molde redondo con un poco de mantequilla y fórralo por la parte interior con papel de hornear. Vierte dentro la masa y hornéala a 180 ºC durante 60 minutos. Retira el bizcocho del horno y espera a que se temple un poco. Desmóldalo y déjalo enfriar sobre una rejilla. Córtalo en 3 planchas. Para preparar la ganache, pon a calentar la nata y el extracto de vainilla en un cazo. Incorpora el cacao y el azúcar glas. Calienta los ingredientes sin dejar de remover (con una varilla de mano) hasta que queden bien integrados (no hace falta que hiervan). Retira el cazo del fuego, incorpora la mantequilla y sigue removiendo hasta que quede bien integrada. Pasa la mezcla a un recipiente y deja que se temple un poco. Extiende una plancha de bizcocho sobre un plato grande colocado sobre un bol boca abajo. Cúbrela con un poco de ganache, pon encima otra plancha de bizcocho y cúbrela también con ganache. Finalmente, coloca la última plancha y cúbrela con el resto de la ganache de manera que caiga por toda la superficie y el contorno de la tarta de 3 capas. Sirve la tarta, coloca las frambuesas en la parte superior y adórnala con unas hojas de menta. | D60: Cacao en polvo | E60: 44 | F60: g
D61: Leche | E61: 190 | F61: mL
D62: Esencia de vainilla | E62: 1 | F62: cuch
D63: Mantequilla | E63: 110 | F63: g
D64: Azúcar | E64: 234 | F64: g
D65: Huevo | E65: 2 | F65: uds
D66: Harina | E66: 150 | F66: g
D67: Bicarbonato | E67: 8 | F67: g
D68: Levadura | E68: 16 | F68: g
D69: Sal | E69: 1 | F69: cuch
D70: Nata líquida | E70: 125 | F70: mL
D71: Esencia de vainilla | E71: 1 | F71: cuch
D72: Cacao en polvo | E72: 55 | F72: g
... D74: Mantequilla | E74: 95 | F74: g
A75: Cuajada con salsa de fresa | B75: 643 | C75: Pon 3 gotas de cuajo en 4 copas o recipientes. Vierte la leche de oveja en una cazuela y ponla a calentar a fuego medio, hasta que alcance una temperatura de unos 50 ºC (controla la temperatura con un termómetro de cocina). Reparte la leche en los 4 recipientes y espera a que cuaje. Para la salsa de fresas, limpia las fresas, pica 6 y ponlas en un cazo. Agrega el azúcar y caliéntalas hasta que se deshagan. Pica el resto de las fresas a tu gusto (dados o trozos irregulares) y resérvalas. Para servir, pon un poco de salsa de fresa sobre las cuajadas y reparte encima las fresas picadas. Decóralas con unas hojas de menta. | D75: Leche de oveja | E75: 600 | F75: mL
D76: Gotas de cuajo líquido de farmacia | E76: 12 | F76: uds
D77: Fresas | E77: 18 | F77: uds
D78: Azúcar | E78: 1 | F78: cuch
D79: Menta | E79: 1 | F79: uds
A80: Tarta de manzana clásica | B80: 652 | C80: Para la pasta quebrada, mezcla la harina, la sal y la mantequilla en un bol y amásalos un poco. Agrega el agua y sigue amasando hasta que los ingredientes queden bien integrados. Espolvorea la encimera con un poco de harina, coloca encima la masa y estírala con un rodillo. Cubre un molde de fondo desmontable con la masa y corta los sobrantes (pasando el rodillo por encima). Tapa la tartaleta con un trozo de papel de hornear, rellénala con legumbres (destinadas a este fin) y hornéala a 200 ºC durante 20 minutos. Saca la tartaleta del horno y retira el papel y las legumbres. Reserva la tartaleta. Para la crema pastelera, calienta en una cazuela la leche (reserva un poco) con la vaina de vainilla (abierta) y la cáscara de limón durante 5 minutos, para que la leche quede bien aromatizada. Mezcla en un bol grande el azúcar, la harina de maíz refinada y la leche (fría) reservada. Añade las yemas y el huevo y bate hasta que quede una papilla homogénea. Cuela encima la leche aromatizada, mezcla y pasa todo a la cazuela. Cocina a fuego suave, sin dejar de remover, hasta que espese (unos 5 minutos). Extiende la crema pastelera sobre la tartaleta. Pela las manzanas, córtalas en láminas finas y cubre con ellas toda la superficie. Hornea la tarta a 200 ºC durante 45 minutos. Retírala, deja que se enfríe y desmóldala. Unta la superficie de la tarta con la mermelada de albaricoque y decórala con las frambuesas, las grosellas y unas hojas de menta. | D80: Manzana | E80: 4 | F80: uds
D81: Leche | E81: 250 | F81: mL
D82: Azúcar | E82: 50 | F82: g
D83: Harina de maíz | E83: 20 | F83: g
D84: Huevo | E84: 1 | F84: uds
D85: Yema de huevo | E85: 1 | F85: uds
D86: Corteza de limón | E86: 1 | F86: uds
D87: Vainilla | E87: 1 | F87: uds
D88: Mermelada de albaricoque | E88: 3 | F88: cuch
D89: Harina | E89: 275 | F89: g
D90: Mantequilla | E90: 125 | F90: g
D91: Agua | E91: 60 | F91: mL
D92: Sal | E92: 1 | F92: cuch
A93: Torrija caramelizada con helado | B93: 664 | C93: Mezcla la leche y la leche condensada en una cazuela y ponlas a calentar a fuego suave. Agrega la rama de canela, la corteza de naranja y la de limón y cuece todo a fuego suave durante unos 6-8 minutos, hasta que la leche quede bien aromatizada. Corta las rebanadas de pan de molde por la mitad y colócalas en un recipiente hondo. Cúbrelas con la leche aromatizada y espera a que queden bien remojadas. Para que no se rompan, retíralas del recipiente con una espátula y colócalas sobre un plato. Cúbrelas con el azúcar y caramelízalas utilizando un soplete. Sirve en cada plato 1 torrija, 1 bola de helado y unas hojas de menta. | D93: Rebanada de pan | E93: 2 | F93: uds
D94: Leche | E94: 500 | F94: mL
D95: Leche condensada | E95: 2 | F95: cuch
D96: Canela | E96: 1 | F96: uds
D97: Corteza de naranja | E97: 3 | F97: uds
D98: Corteza de limón | E98: 3 | F98: uds
D99: Azúcar | E99: 4 | F99: cuch
D100: Helado | E100: 1 | F100: uds
A101: Pastelitos de queso con mermelada | B101: 673 | C101: Para forrar los moldes, corta 4 trozos grandes de papel de hornear, apriétalos y arrúgalos bien (como si fueras a hacer unas bolas con ellos). Ábrelos de nuevo y extiéndelos sobre 4 recipientes redondos aptos para el horno. Para que el papel se adapte mejor al molde, puedes presionarlo introduciendo un vaso dentro. Coloca los moldes sobre una bandeja de horno. Casca los huevos y ponlos en una jarra. Agrega el queso, el azúcar, la harina y la nata y tritura los ingredientes con una batidora eléctrica hasta conseguir una crema homogénea. Reparte la crema en los 4 moldes y hornéalos a 200 ºC durante 20 minutos. Retira la bandeja del horno y deja que se enfríen. Desmolda los pastelitos, sírvelos y salséalos con la mermelada de albaricoque. Decora los platos con unas hojas de menta. | D101: Queso crema | E101: 300 | F101: g
D102: Huevo | E102: 2 | F102: uds
...

Sheet Panes
A1: =Sopas!A1 -> Plato | B1: Página | C1: Elaboración | D1: =Sopas!D1 -> Ingredientes | E1: =Sopas!E1 -> Cantidades | F1: =Sopas!F1 -> Unidades
A2: Focaccia | B2: 20 | C2: La víspera, prepara la masa: pon la harina, la leche, la yema de huevo, la miel, la sal y la levadura desmenuzada en un bol y mezcla los ingredientes hasta que la harina esté bien integrada. Tapa el bol con film transparente y deja que repose durante 30 minutos a temperatura ambiente (autólisis). Espolvorea la encimera con un poco de harina, pon encima la masa, extiéndela un poco y agrega la mantequilla. Amasa (envolviendo la mantequilla con la masa) hasta que la mantequilla quede bien integrada. Pon un poco de aceite en la base de un bol grande, pon encima la masa, tápala con film transparente y deja que repose en el frigorífico durante 24 horas. Espolvorea la encimera con un poco de harina, saca la masa del frigorífico y extiéndela sobre la encimera (primero, con las manos, y después, con un rodillo) hasta conseguir un rectángulo. Colócalo sobre una bandeja de horno cubierta con papel de hornear. Distribuye encima las aceitunas (cortadas en aros) y los tomates (cortados por la mitad). Tapa la masa con un paño limpio y deja que repose hasta que doble su volumen (1 hora aprox.). Mezcla en un bol pequeño el aceite con 2 cucharadas de agua, 1 rama de romero (picada) y una pizca de sal. Presiona la masa con los dedos, úntala bien con el aceite de romero y salpícala con la flor de sal. Calienta el horno a 230 ºC. Baja la temperatura a 190 ºC, introduce la focaccia y hornéala a 190 ºC durante 12-15 minutos. Retírala del horno y deja que se enfríe un poco. Sirve y adorna los platos con unas hojas de perejil y unos trocitos de rama de romero. | D2: Aceitunas | E2: 12 | F2: uds
D3: Tomates cherry | E3: 6 | F3: uds
D4: Aceite de oliva | E4: 2 | F4: cuch
D5: Romero | E5: 2 | F5: uds
D6: Sal | E6: 1 | F6: uds
D7: Perejil | E7: 1 | F7: uds
D8: Harina | E8: 275 | F8: g
D9: Leche | E9: 125 | F9: mL
D10: Yema de huevo | E10: 1 | F10: uds
D11: Miel | E11: 12 | F11: g
D12: Sal | E12: 5 | F12: g
D13: Levadura | E13: 8 | F13: g
D14: Mantequilla | E14: 35 | F14: g
D15: Aceite de oliva | E15: 1 | F15: uds
A16: Pan de chocolate | B16: 26 | C16: Pon en un bol la harina, el agua, la sal, la levadura desmenuzada, la masa madre y el cacao en polvo y mezcla los ingredientes (primero con una lengua, y después a mano) hasta que la harina se integre. Tapa el bol con film transparente y deja que repose a temperatura ambiente durante 30 minutos (autólisis). Espolvorea la encimera con un poco de harina, coloca encima la masa, espolvoréala con otro poco de harina y agrega la mantequilla y las gotas de chocolate. Amasa durante 5 minutos, hasta que los ingredientes queden bien integrados. Pon un poco de harina en un bol. Coloca dentro la masa, tápala con film transparente y déjala reposar en el frigorífico durante 24 horas. Retira el film y espolvorea la masa con un poco de harina. Espolvorea la encimera con otro poco de harina, pon encima la masa, córtala en 4 porciones y forma con ellas 2 bollos redondos y 2 bollos alargados. Coloca los bollos sobre una bandeja de horno cubierta con papel de hornear, hazles un corte en la parte central, tápalos con un paño limpio y déjalos reposar a temperatura ambiente hasta que doblen su volumen (2 horas aprox.). Pulveriza los bollos con un poco de agua. Calienta el horno a 200 ºC. Introduce en él los bollos, baja la temperatura a 185 ºC y hornéalos durante 20 minutos. Retíralos y déjalos enfriar sobre una rejilla. Sirve. | D16: Harina | E16: 500 | F16: g
D17: Agua | E17: 310 | F17: mL
D18: Sal | E18: 8 | F18: g
D19: Levadura | E19: 15 | F19: g
D20: Masa madre | E20: 125 | F20: g
D21: Cacao en polvo | E21: 50 | F21: g
D22: Mantequilla | E22: 20 | F22: g
D23: Gotas de chocolate | E23: 60 | F23: g
A24: Coca de trampó con atún | B24: 40 | C24: Para hacer la masa, pon la harina en un bol grande y agrega la manteca, el aceite, el agua, la levadura y una pizca de sal. Mezcla bien, pasa la masa a la encimera y amásala hasta conseguir una masa homogénea. Espolvorea la encimera con un poco de harina, pon encima la masa, estírala con un rodillo y colócala sobre una bandeja de horno cubierta con papel de hornear. Pínchala con un tenedor y hornéala a 180 ºC durante unos 20 minutos. Pela la cebolleta, retirándole la primera capa, córtala en dados grandes y colócalos en un bol. Pela los tomates, córtalos en dados y añádelos. Lava los pimientos (pela el rojo), retírales los tallos y las semillas, córtalos en dados y agrégalos. Adereza las hortalizas con 2-3 cucharadas de aceite, el pimentón, una pizca de sal y otra de pimienta. Mezcla bien y déjalas macerando durante 15 minutos. Escúrrelas bien. Retira la masa del horno (deja el horno encendido) y reparte sobre ella las hortalizas. Introduce la coca en el horno y hornéala a 180 ºC durante unos 20 minutos. Retira la coca del horno (sin apagar el horno), salpícala con las alcaparras y el atún desmenuzado, introdúcela de nuevo en el horno y hornéala durante 5 minutos más a la misma temperatura. Sirve la coca de trampó y adórnala con unas hojas de perejil. | D24: Lata atún | E24: 150 | F24: g
D25: Cebolleta | E25: 1 | F25: uds
D26: Tomates pera | E26: 6 | F26: uds
D27: Pimiento rojo | E27: 1 | F27: uds
D28: Pimiento verde | E28: 1 | F28: uds
D29: Alcaparras | E29: 2 | F29: cuch
D30: Aceite de oliva | E30: 1 | F30: uds
D31: Perejil | E31: 1 | F31: uds
D32: Pimentón | E32: 1 | F32: cuch
D33: Pimienta | E33: 1 | F33: uds
D34: Sal | E34: 1 | F34: uds
D35: Harina | E35: 375 | F35: g
D36: Manteca de cerdo | E36: 60 | F36: g
... D39: Levadura | E39: 25 | F39: g
A40: Tartaletas de avena rellenas de pisto y lomo | B40: 52 | C40: Para preparar la masa de las tartaletas, pon los copos de avena y la harina en un bol grande y mézclalos. Agrega el agua poco a poco. Añade el aceite y una pizca de sal y amasa a mano hasta conseguir una masa homogénea. Corta la masa en 4 trozos, estíralos con un rodillo y cubre con ellos 4 tartaletas individuales. Para que las tartaletas no se inflen, tápalas con papel de hornear y cúbrelas con legumbres (destinadas a este fin). Hornéalas a 180 ºC durante 20 minutos. Retira y reserva las tartaletas. Pela los dientes de ajo y córtalos en dados. Corta la cebolleta de la misma manera. Calienta una sartén con 3 cucharadas de aceite y pon a rehogar en ella los ajos y la cebolleta. Retira el tallo y las semillas al pimiento, córtalo en dados y agrégalo a la sartén. Corta también el calabacín en dados y añádelo. Cocina las hortalizas durante 6-8 minutos. Pela los tomates, córtalos en dados e incorpóralos. Pon a punto de sal y cocina conjuntamente durante 15 minutos. Corta el lomo en dados, salpimiéntalo y saltéalo a fuego fuerte en una sartén con 2 cucharadas de aceite. Añádelo a la sartén con el pisto y mezcla bien. Rellena las tartaletas. Sirve una tartaleta en cada plato y adórnalos con unas hojas de perejil. | D40: Lomo de cerdo | E40: 200 | F40: g
D41: Diente de ajo | E41: 3 | F41: uds
D42: Cebolleta | E42: 1 | F42: uds
D43: Pimiento verde | E43: 1 | F43: uds
D44: Calabacín | E44: 1 | F44: uds
D45: Tomate | E45: 2 | F45: uds
D46: Aceite de oliva | E46: 1 | F46: uds
D47: Perejil | E47: 1 | F47: uds
D48: Pimienta | E48: 1 | F48: uds
D49: Sal | E49: 1 | F49: uds
D50: Copos de avena | E50: 100 | F50: g
D51: Harina | E51: 100 | F51: g
D52: Agua | E52: 175 | F52: mL
... D54: Sal | E54: 1 | F54: uds
A55: Quiche de panceta y queso | B55: 53 | C55: Para preparar la masa, pon en un bol grande la harina, la sal, la mantequilla y el huevo. Amasa hasta que los ingredientes queden bien integrados, introduce la masa en el frigorífico y deja que repose durante 30 minutos. Pasa la masa a la encimera, extiéndela con un rodillo y forra con ella un molde redondo de fondo desmontable. Cubre la tartaleta con papel de hornear y cúbrela con una capa de legumbres (destinadas a este fin) para que no se infle. Hornéala a 180 ºC durante 30 minutos. Retírala del horno, retira las legumbres y reserva la tartaleta. Corta la cebolleta en dados, retira el tallo y las semillas al pimiento y córtalo de la misma manera. Calienta una sartén con 3 cucharadas de aceite y rehoga en ella las hortalizas durante 8-10 minutos. Corta la panceta en dados, añádela y dórala. Trocea el queso, incorpóralo, cocina brevemente y pasa el relleno a la tartaleta. Bate los huevos con la nata y una pizca de sal. Vierte la mezcla sobre la tartaleta y cubre con ella el relleno. Hornea la quiche a 180 ºC durante 20 minutos. Retírala del horno, déjala templar y desmóldala. Corta la quiche en porciones y sirve. Adorna los platos con unas hojas de perejil. | D55: Panceta | E55: 200 | F55: g
D56: Queso | E56: 200 | F56: g
D57: Cebolleta | E57: 1 | F57: uds
D58: Pimiento verde | E58: 1 | F58: uds
D59: Huevo | E59: 2 | F59: uds
D60: Nata | E60: 200 | F60: mL
D61: Aceite de oliva | E61: 1 | F61: uds
D62: Perejil | E62: 1 | F62: uds
D63: Sal | E63: 1 | F63: uds
D64: Harina | E64: 200 | F64: g
D65: Mantequilla | E65: 100 | F65: g
D66: Huevo | E66: 1 | F66: uds
D67: Sal | E67: 1 | F67: cuch
A68: Bollos de pan integral | B68: 56 | C68: Pon la harina en un bol grande. Agrega la masa madre, la levadura prensada desmenuzada y el agua y mezcla los ingredientes un poco. Incorpora la sal y sigue mezclando hasta que la harina quede bien integrada. Tapa el bol con film transparente y deja que la masa repose a temperatura ambiente durante 20-30 minutos (autólisis). Espolvorea la encimera y la masa con un poco de harina, sácala del bol y amásala durante 3-5 minutos. Ponla de nuevo en el bol, tápala con film transparente, introdúcela en el frigorífico y deja que repose durante 24 horas. Espolvorea la encimera con un poco de harina. Retira la masa del frigorífico, espolvoréala con otro poco de harina y ponla sobre la encimera. Divide la masa en 5 porciones y aplástalas un poco (para desgasificarlas). Bolea cada trozo y forma con ellos 5 bollos alargados. Coloca los bollos (dejando el pliegue hacia abajo) sobre una bandeja de horno cubierta con papel de hornear. Tápalos con un paño limpio de algodón y déjalos fermentar durante 2 horas. Greña los bollos (hazles unos cortes por la parte superior con una puntilla). Calienta el horno a 220 ºC, introduce la bandeja en el horno y vierte un vaso de agua en la base del horno. Baja la temperatura a 190 ºC y hornea los bollos durante 10 minutos. Abre el horno para que se vaya el vapor. Cierra el horno de nuevo y hornéalos durante 15 minutos más. Retira los bollos del horno, colócalos sobre una rejilla y deja que se enfríen. Sirve. | D68: Harina integral | E68: 525 | F68: g
D69: Masa madre | E69: 80 | F69: g
D70: Levadura | E70: 7.5 | F70: g
D71: Agua | E71: 375 | F71: mL
D72: Sal | E72: 11 | F72: g

Sheet Otros
A1: Unidades
A2: Medidas | B2: Abreviatura
A3: Gramos | B3: g
A4: Mililitros | B4: mL
A5: Unidades | B5: uds
A6: Cucharadas | B6: cuch | E6: Ingredientes
E7: Sopas | F7: Cremas | G7: Verduras | H7: Legumbres | I7: Huevos | J7: Arroces | K7: Pastas | L7: Carnes | M7: Pescados | N7: Postres | O7: Panes | P7: Resumen
E8: {=_xlfn._xlws.SORT(_xlfn.UNIQUE(Sopas!$D$2:$D$500))} -> Aceite de oliva | F8: {=_xlfn._xlws.SORT(_xlfn.UNIQUE(Cremas!$D$2:$D$500))} -> Aceite de oliva | G8: {=_xlfn._xlws.SORT(_xlfn.UNIQUE(Verduras!$D$2:$D$500))} -> Aceite de oliva | H8: {=_xlfn._xlws.SORT(_xlfn.UNIQUE(Legumbres!$D$2:$D$500))} -> Aceite de oliva | I8: {=_xlfn._xlws.SORT(_xlfn.UNIQUE(Huevos!$D$2:$D$500))} -> Aceite de oliva | J8: {=_xlfn._xlws.SORT(_xlfn.UNIQUE(Arroces!$D$2:$D$500))} -> Aceite de oliva | K8: {=_xlfn._xlws.SORT(_xlfn.UNIQUE(Pastas!$D$2:$D$500))} -> Aceite de oliva | L8: {=_xlfn._xlws.SORT(_xlfn.UNIQUE(Carnes!$D$2:$D$500))} -> Aceite de las abóndigas | M8: {=_xlfn._xlws.SORT(_xlfn.UNIQUE(Pescados!$D$2:$D$500))} -> Aceite de oliva | N8: {=_xlfn._xlws.SORT(_xlfn.UNIQUE(Postres!$D$2:$D$500))} -> Aceite de oliva | O8: {=_xlfn._xlws.SORT(_xlfn.UNIQUE(Panes!$D$2:$D$500))} -> Aceite de oliva
E9: Cebolla | F9: Arroz | G9: Berenjena | H9: Alubias blancas | I9: Caldo de ave | J9: Aceitunas negras | K9: Aceitunas negras | L9: Aceite de oliva | M9: Agua con gas | N9: Agua | O9: Aceitunas
E10: Cilantro | F10: Calabacín | G10: Calabacín | H10: Alubias negras | I10: Carne picada | J10: Agua caliente | K10: Ajos frescos | L10: Ajo en polvo | M10: Alachofa | N10: Arándanos | O10: Agua
E11: Diente de ajo | F11: Caldo de verduras | G11: Cebolla | H11: Arroz integral | I11: Cebolla | J11: Ajos frescos | K11: Albahaca | L11: Aleta de ternera | M11: Atún | N11: Azúcar | O11: Alcaparras
E12: Fideos udon | F12: Cebolla | G12: Diente de ajo | H12: Butifarra blanca | I12: Diente de ajo | J12: Arroz | K12: Apio | L12: Almendra | M12: Azúcar moreno | N12: Azúcar glas | O12: Cacao en polvo
E13: Garbanzos | F13: Comino | G13: Harina | H13: Calabaza | I13: Guisantes | J13: Arroz basmati | K13: Calabacín | L13: Arroz | M13: Bacalao | N13: Bicarbonato | O13: Calabacín
E14: Guindilla | F14: Huevas de trucha | G14: Huevo | H14: Cebolla | I14: Harina | J14: Azafrán | K14: Caldo de pescado | L14: Arroz largo | M14: Bonito | N14: Cacao en polvo | O14: Cebolleta
E15: Hueso de cañada | F15: Jamón | G15: Jamón cocido | H15: Cebolla dulce | I15: Huevo | J15: Brandy | K15: Canela | L15: Azafrán | M15: Borraja | N15: Canela | O15: Copos de avena
E16: Miga de pan | F16: Láminas de pasta brick | G16: Leche | H16: Chícharos | I16: Huevos de codorniz | J16: Cabeza de ajos | K16: Canelón | L16: Azúcar | M16: Calabaza | N16: Cerezas | O16: Diente de ajo
E17: Muslo de pollo | F17: Leche evaporada | G17: Mantequilla | H17: Chorizo | I17: Jamón | J17: Calabacín | K17: Carne picada | L17: Azúcar moreno | M17: Calamar | N17: Chocolate blanco de cobertura | O17: Gotas de chocolate
E18: Nuez moscada | F18: Manzana | G18: Nata | H18: Cilantro | I18: Jengibre | J18: Caldo de carne | K18: Cayena | L18: Berenjena | M18: Caldo de pescado | N18: Chocolate de cobertura | O18: Harina
E19: Pastilla de caldo de pollo | F19: Perejil | G19: Orégano | H19: Codillo de cerdo | I19: Kétchup | J19: Caldo de pollo | K19: Cebolla | L19: Boletus | M19: Canónigos | N19: Chocolate negro de cobertura | O19: Harina integral
E20: Pechuga de pollo | F20: Pimienta | G20: Pan rallado | H20: Comino | I20: Lonchas panceta | J20: Caldo de verduras | K20: Cebolleta | L20: Caldo de carne | M20: Cayena | N20: Corteza de limón | O20: Huevo
... E25: Pimiento verde | F25: Zanahoria | G25: Pimienta | H25: Harina de garbanzo | I25: Perejil | J25: Curry | K25: Espárragos verdes | L25: Cebolla | M25: Cebolleta | N25: Fresas | O25: Manteca de cerdo
E26: Puerro | F26: 0 | G26: Pimiento verde | H26: Hueso de jamón | I26: Pimentón | J26: Diente de ajo | K26: Espirales | L26: Cebolla en polvo | M26: Cebollino | N26: Galletas | O26: Mantequilla
E27: Rama de apio | G27: Puerro | H27: Jamón | I27: Pimienta | J27: Espinacas | K27: Fettuccini | L27: Cebolleta | M27: Chalota | N27: Galletas rectangulares | O27: Masa madre
E28: Sal | G28: Queso azul | H28: Laurel | I28: Pimiento verde | J28: Gamba | K28: Fiedos | L28: Champiñón | M28: Cuscús precocido | N28: Gotas de cuajo líquido de farmacia | O28: Miel
E29: Salsa de soja | G29: Queso rallado | H29: Lentejas | I29: Queso | J29: Gamba cocida | K29: Filetes de anchoas | L29: Coles de bruselas | M29: Diente de ajo | N29: Harina | O29: Nata
E30: Tapioca | G30: Sal | H30: Limón | I30: Queso gratinar | J30: Garbanzos | K30: Guisantes | L30: Comino | M30: Eneldo | N30: Harina de maíz | O30: Panceta
E31: Tomate pera | G31: Tomate frito | H31: Morcilla de verduras | I31: Rebanada de pan | J31: Guisantes | K31: Harina | L31: Costilla de cerdo | M31: Espárragos verdes | N31: Helado | O31: Perejil
E32: Vinagre blanco | G32: Vino blanco | H32: Panceta | I32: Sal | J32: Huevo | K32: Huevo | L32: Curry | M32: Estragón | N32: Helado de vainilla | O32: Pimentón
E33: Zanahoria | G33: Zanahoria | H33: Patata | I33: Vinagre | J33: Jamón | K33: Jamón serrano | L33: Diente de ajo | M33: Guindillas | N33: Huevo | O33: Pimienta
E34: Zancarrón | G34: 0 | H34: Perejil | I34: 0 | J34: Jamón cocido | K34: Láminas de lasaña | L34: Escarola | M34: Gulas | N34: Lámina hojaldre | O34: Pimiento rojo
E35: 0 | H35: Pimentón | J35: Leche | K35: Láminas para canelones | L35: Harina | M35: Harina | N35: Leche | O35: Pimiento verde
H36: Pimienta | J36: Lechuga | K36: Leche | L36: Harina de maíz | M36: Harina de maíz | N36: Leche condensada | O36: Queso
H37: Pimienta negra | J37: Lomo adobado | K37: Macarrones | L37: Hoja de col | M37: Harina de tempura | N37: Leche de oveja | O37: Romero
H38: Pimiento verde | J38: Maíz | K38: Mantequilla | L38: Huevo | M38: Hinojo | N38: Levadura | O38: Sal
H39: Puerro | J39: Mezcla rebozar | K39: Merluza | L39: Jarrete de cordero | M39: Hojas de lechuga | N39: Mantequilla | O39: Tomate
H40: Ralladura de limón | J40: Muslo de pollo | K40: Muslo de pollo deshuesado | L40: Jengibre | M40: Huevo | N40: Manzana | O40: Tomates cherry
H41: Sal | J41: Panceta | K41: Nata líquida | L41: Judías verdes | M41: Jengibre | N41: Menta | O41: Tomates pera
H42: Tomate | J42: Panceta gruesa | K42: Nuez moscada | L42: Lagarto de cedo | M42: Láminas hojaldre | N42: Mermelada de albaricoque | O42: Yema de huevo
H43: Tomate frito | J43: Pastilla de caldo de pollo | K43: Orégano | L43: Laurel | M43: Laurel | N43: Naranja | O43: 0
H44: Vino blanco | J44: Patata | K44: Panceta | L44: Leche | M44: Leche | N44: Nata
H45: Yogur griego natural | J45: Pechuga de pollo | K45: Paté | L45: Limón | M45: Levadura | N45: Nata líquida
H46: Zanahoria | J46: Perejil | K46: Pechuga de pollo | L46: Mango maduro | M46: Limón | N46: Nata montada
H47: 0 | J47: Pimentón | K47: Perejil | L47: Mantequilla | M47: Manzana | N47: Nata para montar
J48: Pimienta | K48: Pimentón | L48: Miga de pan | M48: Matequilla | N48: Nueces de macadamia
J49: Pimiento rojo | K49: Pimienta | L49: Mirin | M49: Mayonesa | N49: Peras
J50: Pimiento verde | K50: Pimiento rojo | L50: Muslo de pavo | M50: Merluza | N50: Plátano
J51: Pimientos del piquillo | K51: Pimiento verde | L51: Nata líquida | M51: Mirin | N51: Queso crema
J52: Pollo | K52: Puerro | L52: Nuez moscada | M52: Mostaza | N52: Queso cremoso
J53: Puerro | K53: Queso curado de oveja | L53: Orégano | M53: Nata líquida | N53: Queso mascarpone
J54: Queso rallado | K54: Queso en polvo | L54: Pan rallado | M54: Orégano | N54: Ralladura de lima
J55: Sal | K55: Queso parmesano | L55: Panceta | M55: Pan hamburguesa | N55: Rebanada de pan
J56: Salsa de soja | K56: Queso rallado | L56: Patata | M56: Patata | N56: Sal
J57: Solomillo de cerdo | K57: Rigatoni | L57: Pechuga de pavo | M57: Pepinillos | N57: Vainilla
J58: Tomate | K58: Sal | L58: Pechuga de pollo | M58: Perejil | N58: Vino de oporto
J59: Tomate frito | K59: Salmón | L59: Pedro Ximénez | M59: Pimentón | N59: Yema de huevo
... J61: Zanahoria | K61: Setas | L61: Pimentón | M61: Pimienta | N61: Zumo de limón
J62: 0 | K62: Sofrito de tomate y cebolla | L62: Pimentón dulce | M62: Pimiento morrón | N62: 0
K63: Tagliatelle | L63: Pimienta | M63: Pimientos del padrón
K64: Tallarines | L64: Pimiento rojo | M64: Pimieto morrón
K65: Tomate | L65: Pimiento verde | M65: Pistacho pelado
K66: Tomate maduro | L66: Pimientos del piquillo | M66: Ralladura de limón
K67: Tomate seco | L67: Polenta | M67: Rape
K68: Tomate triturado | L68: Pollo | M68: Rebanada de pan
K69: Tomillo seco | L69: Puerro | M69: Rodajas de tomate
K70: Vino blanco | L70: Queso curado de oveja | M70: Sake
K71: Yema de huevo | L71: Queso rallado | M71: Sal
K72: Yogur natural | L72: Romero | M72: Salmón
K73: Zanahoria | L73: Sake | M73: Salmón ahumado
K74: 0 | L74: Sal | M74: Salmonete
L75: Salsa de soja | M75: Salsa de soja
L76: Salsa de tomate | M76: Salsa de tomate
L77: Sidra | M77: Sidra
L78: Sofrito de tomate y cebolla | M78: Tomate maduro
L79: Ternera | M79: Tomillo
L80: Tomate | M80: Vermut blanco
L81: Tomate concentrado | M81: Vinagre
L82: Tomate maduro | M82: Vinagre blanco
L83: Tomate triturado | M83: Vinagre de módena
L84: Tomillo | M84: Vino blanco
L85: Vinagre | M85: Yogur natural
L86: Vino blanco | M86: Zanahoria
L87: Vino de oporto | M87: 0
L88: Vino tinto
L89: Yema de huevo
L90: Zanahoria
L91: 0
